date,event_name_1,event_type_1,snap_CA,snap_TX,snap_WI
2011-02-06,SuperBowl,Sporting,1,1,1
2011-02-14,ValentinesDay,Cultural,0,0,1
2011-02-21,PresidentsDay,National,0,0,0
2011-03-09,LentStart,Religious,1,1,1
2011-03-16,LentWeek2,Religious,0,0,0
2011-03-17,StPatricksDay,Cultural,0,0,0
2011-03-20,Purim End,Religious,0,0,0
2011-04-24,OrthodoxEaster,Religious,0,0,0
2011-04-26,Pesach End,Religious,0,0,0
2011-05-05,Cinco De Mayo,Cultural,1,1,1
2011-05-08,Mother's day,Cultural,1,0,1
2011-05-30,MemorialDay,National,0,0,0
2011-05-31,NBAFinalsStart,Sporting,0,0,0
2011-06-12,NBAFinalsEnd,Sporting,0,1,1
2011-06-19,Father's day,Cultural,0,0,0
2011-07-04,IndependenceDay,National,1,0,0
2011-08-01,Ramadan starts,Religious,1,1,0
2011-08-31,Eid al-Fitr,Religious,0,0,0
2011-09-05,LaborDay,National,1,1,1
2011-10-10,ColumbusDay,National,1,0,0
2011-10-31,Halloween,Cultural,0,0,0
2011-11-07,EidAlAdha,Religious,1,1,0
2011-11-11,VeteransDay,National,0,1,1
2011-11-24,Thanksgiving,National,0,0,0
2011-12-25,Christmas,National,0,0,0
2011-12-28,Chanukah End,Religious,0,0,0
2012-01-01,NewYear,National,1,1,0
2012-01-07,OrthodoxChristmas,Religious,1,1,0
2012-01-16,MartinLutherKingDay,National,0,0,0
2012-02-05,SuperBowl,Sporting,1,1,1
2012-02-14,ValentinesDay,Cultural,0,0,1
2012-02-20,PresidentsDay,National,0,0,0
2012-02-22,LentStart,Religious,0,0,0
2012-02-29,LentWeek2,Religious,0,0,0
2012-03-08,Purim End,Religious,1,0,1
2012-03-17,StPatricksDay,Cultural,0,0,0
2012-04-08,Easter,Cultural,1,0,1
2012-04-14,Pesach End,Religious,0,0,1
2012-04-15,OrthodoxEaster,Religious,0,1,1
2012-05-05,Cinco De Mayo,Cultural,1,1,1
2012-05-13,Mother's day,Cultural,0,1,0
2012-05-28,MemorialDay,National,0,0,0
2012-06-12,NBAFinalsStart,Sporting,0,1,1
2012-06-17,Father's day,Cultural,0,0,0
2012-06-21,NBAFinalsEnd,Sporting,0,0,0
2012-07-04,IndependenceDay,National,1,0,0
2012-07-20,Ramadan starts,Religious,0,0,0
2012-08-19,Eid al-Fitr,Religious,0,0,0
2012-09-03,LaborDay,National,1,1,1
2012-10-08,ColumbusDay,National,1,0,1
2012-10-26,EidAlAdha,Religious,0,0,0
2012-10-31,Halloween,Cultural,0,0,0
2012-11-11,VeteransDay,National,0,1,1
2012-11-22,Thanksgiving,National,0,0,0
2012-12-16,Chanukah End,Religious,0,0,0
2012-12-25,Christmas,National,0,0,0
2013-01-01,NewYear,National,1,1,0
2013-01-07,OrthodoxChristmas,Religious,1,1,0
2013-01-21,MartinLutherKingDay,National,0,0,0
2013-02-03,SuperBowl,Sporting,1,1,1
2013-02-13,LentStart,Religious,0,1,0
2013-02-14,ValentinesDay,Cultural,0,0,1
2013-02-18,PresidentsDay,National,0,0,0
2013-02-20,LentWeek2,Religious,0,0,0
2013-02-24,Purim End,Religious,0,0,0
2013-03-17,StPatricksDay,Cultural,0,0,0
2013-03-31,Easter,Cultural,0,0,0
2013-04-02,Pesach End,Religious,1,0,1
2013-05-05,OrthodoxEaster,Religious,1,1,1
2013-05-12,Mother's day,Cultural,0,1,1
2013-05-27,MemorialDay,National,0,0,0
2013-06-06,NBAFinalsStart,Sporting,1,1,1
2013-06-16,Father's day,Cultural,0,0,0
2013-06-20,NBAFinalsEnd,Sporting,0,0,0
2013-07-04,IndependenceDay,National,1,0,0
2013-07-09,Ramadan starts,Religious,1,1,1
2013-08-08,Eid al-Fitr,Religious,1,0,1
2013-09-02,LaborDay,National,1,0,1
2013-10-14,ColumbusDay,National,0,0,1
2013-10-15,EidAlAdha,Religious,0,1,1
2013-10-31,Halloween,Cultural,0,0,0
2013-11-11,VeteransDay,National,0,1,1
2013-11-28,Thanksgiving,National,0,0,0
2013-12-05,Chanukah End,Religious,1,1,1
2013-12-25,Christmas,National,0,0,0
2014-01-01,NewYear,National,1,1,0
2014-01-07,OrthodoxChristmas,Religious,1,1,0
2014-01-20,MartinLutherKingDay,National,0,0,0
2014-02-02,SuperBowl,Sporting,1,0,1
2014-02-14,ValentinesDay,Cultural,0,0,1
2014-02-17,PresidentsDay,National,0,0,0
2014-03-05,LentStart,Religious,1,1,1
2014-03-12,LentWeek2,Religious,0,1,1
2014-03-16,Purim End,Religious,0,0,0
2014-03-17,StPatricksDay,Cultural,0,0,0
2014-04-20,Easter,Cultural,0,0,0
2014-04-22,Pesach End,Religious,0,0,0
2014-05-05,Cinco De Mayo,Cultural,1,1,1
2014-05-11,Mother's day,Cultural,0,1,1
2014-05-26,MemorialDay,National,0,0,0
2014-06-05,NBAFinalsStart,Sporting,1,1,1
2014-06-15,NBAFinalsEnd,Sporting,0,1,1
2014-06-29,Ramadan starts,Religious,0,0,0
2014-07-04,IndependenceDay,National,1,0,0
2014-07-29,Eid al-Fitr,Religious,0,0,0
2014-09-01,LaborDay,National,1,1,0
2014-10-04,EidAlAdha,Religious,1,0,0
2014-10-13,ColumbusDay,National,0,1,0
2014-10-31,Halloween,Cultural,0,0,0
2014-11-11,VeteransDay,National,0,1,1
2014-11-27,Thanksgiving,National,0,0,0
2014-12-24,Chanukah End,Religious,0,0,0
2014-12-25,Christmas,National,0,0,0
2015-01-01,NewYear,National,1,1,0
2015-01-07,OrthodoxChristmas,Religious,1,1,0
2015-01-19,MartinLutherKingDay,National,0,0,0
2015-02-01,SuperBowl,Sporting,1,1,0
2015-02-14,ValentinesDay,Cultural,0,0,1
2015-02-16,PresidentsDay,National,0,0,0
2015-02-18,LentStart,Religious,0,0,0
2015-02-25,LentWeek2,Religious,0,0,0
2015-03-05,Purim End,Religious,1,1,1
2015-03-17,StPatricksDay,Cultural,0,0,0
2015-04-05,Easter,Cultural,1,1,1
2015-04-11,Pesach End,Religious,0,1,1
2015-04-12,OrthodoxEaster,Religious,0,1,1
2015-05-05,Cinco De Mayo,Cultural,1,1,1
2015-05-10,Mother's day,Cultural,1,0,0
2015-05-25,MemorialDay,National,0,0,0
2015-06-04,NBAFinalsStart,Sporting,1,0,0
2015-06-16,NBAFinalsEnd,Sporting,0,0,0
2015-06-18,Ramadan starts,Religious,0,0,0
2015-06-21,Father's day,Cultural,0,0,0
2015-07-04,IndependenceDay,National,1,0,0
2015-07-18,Eid al-Fitr,Religious,0,0,0
2015-09-07,LaborDay,National,1,1,0
2015-09-24,EidAlAdha,Religious,0,0,0
2015-10-12,ColumbusDay,National,0,1,1
2015-10-31,Halloween,Cultural,0,0,0
2015-11-11,VeteransDay,National,0,1,1
2015-11-26,Thanksgiving,National,0,0,0
2015-12-14,Chanukah End,Religious,0,0,1
2015-12-25,Christmas,National,0,0,0
2016-01-01,NewYear,National,1,1,0
2016-01-07,OrthodoxChristmas,Religious,1,1,0
2016-01-18,MartinLutherKingDay,National,0,0,0
2016-02-07,SuperBowl,Sporting,1,1,0
2016-02-10,LentStart,Religious,1,0,0
2016-02-14,ValentinesDay,Cultural,0,0,1
2016-02-15,PresidentsDay,National,0,1,1
2016-02-17,LentWeek2,Religious,0,0,0
2016-03-17,StPatricksDay,Cultural,0,0,0
2016-03-24,Purim End,Religious,0,0,0
2016-03-27,Easter,Cultural,0,0,0
2016-04-30,Pesach End,Religious,0,0,0
2016-05-01,OrthodoxEaster,Religious,1,1,0
2016-05-05,Cinco De Mayo,Cultural,1,1,1
2016-05-08,Mother's day,Cultural,1,0,1
2016-05-30,MemorialDay,National,0,0,0
2016-06-02,NBAFinalsStart,Sporting,1,0,1
2016-06-07,Ramadan starts,Religious,1,1,0
2016-06-19,NBAFinalsEnd,Sporting,0,0,0
