store_id,item_id,n_obs,n_negative_fixed,n_outliers,n_stockout_days,winsor_lower,winsor_upper,mean_sales,max_sales
CA_1,FOODS_1_125,1913,0,8,1334,0.0,4.4478,0.2679468897020386,4.4478
CA_1,FOODS_1_129,1913,0,12,372,0.0,4.0,0.4009409304756926,4.0
CA_1,FOODS_1_137,1913,0,12,572,0.0,16.0,2.493465760585468,16.0
CA_1,FOODS_1_187,1913,0,3,278,0.0,8.0,1.0982749607945634,8.0
CA_1,FOODS_2_072,1913,0,67,558,0.0,4.0,0.7621536853110298,4.0
CA_1,FOODS_3_002,1913,0,15,1078,0.0,8.0,1.072138003136435,8.0
CA_1,FOODS_3_010,1913,0,17,827,0.0,4.0,0.4647151071615264,4.0
CA_1,FOODS_3_034,1913,0,12,953,0.0,8.0,1.349189754312598,8.0
CA_1,FOODS_3_123,1913,0,32,891,0.0,4.0,0.6021955044432828,4.0
CA_1,FOODS_3_139,1913,0,0,65,0.0,17.0,3.257710402509148,13.0
CA_1,FOODS_3_317,1913,0,8,460,0.0,20.0,3.044955567171981,20.0
CA_1,FOODS_3_381,1913,0,45,1029,0.0,8.0,1.1850496602195504,8.0
CA_1,FOODS_3_415,1913,0,4,686,0.0,8.0,0.985363303711448,8.0
CA_1,FOODS_3_440,1913,0,14,1188,0.0,4.4478,0.2500100365917407,4.4478
CA_1,FOODS_3_477,1913,0,0,16,0.0,21.0,6.889702038682698,20.0
CA_1,FOODS_3_486,1913,0,16,490,0.0,4.0,0.6126502875065343,4.0
CA_1,FOODS_3_514,1913,0,25,947,0.0,12.0,1.7553580763199164,12.0
CA_1,FOODS_3_593,1913,0,8,649,0.0,4.0,0.5577626764244642,4.0
CA_1,FOODS_3_609,1913,0,16,818,0.0,8.0,1.1327757449032934,8.0
CA_1,FOODS_3_785,1913,0,13,201,0.0,60.0,12.33768949294302,60.0
CA_1,HOBBIES_1_025,1913,0,15,438,0.0,4.0,0.4636696288552012,4.0
CA_1,HOBBIES_1_038,1913,0,0,124,0.0,4.0,0.3951907997909043,4.0
CA_1,HOBBIES_1_090,1913,0,223,939,0.0,4.0,0.7909043387349712,4.0
CA_1,HOBBIES_1_093,1913,0,0,625,0.0,4.4478,0.1881860951385258,3.0
CA_1,HOBBIES_1_113,1913,0,1,1321,0.0,4.4478,0.0953726084683742,4.4478
CA_1,HOBBIES_1_201,1913,0,2,0,0.0,8.0,1.2854155776267642,8.0
CA_1,HOBBIES_1_210,1913,0,4,1244,0.0,4.4478,0.1734402509147935,4.4478
CA_1,HOBBIES_1_254,1913,0,16,0,0.0,38.0,7.664401463669629,38.0
CA_1,HOBBIES_1_269,1913,0,0,1501,0.0,4.4478,0.0846837428123366,4.0
CA_1,HOBBIES_1_287,1913,0,17,490,0.0,4.0,0.8118139048614741,4.0
CA_1,HOBBIES_1_316,1913,0,95,629,0.0,4.0,0.7401986408782018,4.0
CA_1,HOBBIES_1_353,1913,0,170,970,0.0,8.0,1.5446941975953998,8.0
CA_1,HOBBIES_1_385,1913,0,1,1483,0.0,4.4478,0.1037364349189754,4.4478
CA_1,HOBBIES_1_393,1913,0,0,919,0.0,4.4478,0.1834814427600627,4.0
CA_1,HOBBIES_1_424,1913,0,13,38,0.0,8.0,0.9775222164140094,8.0
CA_1,HOBBIES_2_005,1913,0,0,1164,0.0,4.4478,0.1139571353894406,3.0
CA_1,HOBBIES_2_008,1913,0,0,1034,0.0,4.4478,0.1150026136957658,3.0
CA_1,HOBBIES_2_017,1913,0,2,1010,0.0,4.4478,0.1536307370622059,4.4478
CA_1,HOBBIES_2_079,1913,0,0,1484,0.0,4.4478,0.0627286983795086,4.0
CA_1,HOBBIES_2_120,1913,0,6,587,0.0,4.4478,0.3521624673288029,4.4478
CA_1,HOUSEHOLD_1_104,1913,0,0,1260,0.0,4.4478,0.0778881338212232,4.0
CA_1,HOUSEHOLD_1_170,1913,0,7,697,0.0,4.0,0.5577626764244642,4.0
CA_1,HOUSEHOLD_1_256,1913,0,9,127,0.0,4.0,0.825405122843701,4.0
CA_1,HOUSEHOLD_1_308,1913,0,0,1553,0.0,4.4478,0.0883429168844746,3.0
CA_1,HOUSEHOLD_1_330,1913,0,13,1202,0.0,4.4478,0.4416212232096184,4.4478
CA_1,HOUSEHOLD_1_414,1913,0,44,855,0.0,16.0,2.765812859383168,16.0
CA_1,HOUSEHOLD_1_460,1913,0,3,107,0.0,8.0,1.212232096184004,8.0
CA_1,HOUSEHOLD_1_462,1913,0,43,961,0.0,4.0,0.5253528489283847,4.0
CA_1,HOUSEHOLD_2_049,1913,0,7,723,0.0,4.0,0.4626241505488761,4.0
CA_1,HOUSEHOLD_2_120,1913,0,0,1660,0.0,4.4478,0.0449555671719811,3.0
CA_1,HOUSEHOLD_2_158,1913,0,0,1022,0.0,4.4478,0.1249346576058546,4.0
CA_1,HOUSEHOLD_2_184,1913,0,16,170,0.0,4.0,0.7652901202300052,4.0
CA_1,HOUSEHOLD_2_194,1913,0,0,1505,0.0,4.4478,0.0742289597490852,3.0
CA_1,HOUSEHOLD_2_267,1913,0,4,1078,0.0,4.4478,0.3469896497647673,4.4478
CA_1,HOUSEHOLD_2_307,1913,0,0,1419,0.0,4.4478,0.0773653946680606,4.0
CA_1,HOUSEHOLD_2_330,1913,0,0,1540,0.0,4.4478,0.069524307370622,3.0
CA_1,HOUSEHOLD_2_334,1913,0,2,820,0.0,4.4478,0.1724493465760585,4.4478
CA_1,HOUSEHOLD_2_347,1913,0,1,419,0.0,4.0,0.3580763199163617,4.0
CA_1,HOUSEHOLD_2_407,1913,0,0,321,0.0,4.4478,0.258755880815473,4.0
CA_1,HOUSEHOLD_2_438,1913,0,6,225,0.0,4.0,0.6905384213277574,4.0
CA_2,FOODS_1_125,1913,0,3,1338,0.0,4.4478,0.290822477783586,4.4478
CA_2,FOODS_1_129,1913,0,9,86,0.0,8.0,1.4453737584945112,8.0
CA_2,FOODS_1_137,1913,0,19,389,0.0,28.0,4.629377940407736,28.0
CA_2,FOODS_1_187,1913,0,1,282,0.0,24.0,3.3314166231050706,24.0
CA_2,FOODS_2_072,1913,0,14,1655,0.0,4.4478,0.1548715107161526,4.4478
CA_2,FOODS_3_002,1913,0,49,1108,0.0,4.4478,0.5132996340825928,4.4478
CA_2,FOODS_3_010,1913,0,14,825,0.0,4.0,0.4626241505488761,4.0
CA_2,FOODS_3_034,1913,0,2,967,0.0,8.0,0.9513852587558808,8.0
CA_2,FOODS_3_123,1913,0,54,688,0.0,4.0,0.6351280710925248,4.0
CA_2,FOODS_3_139,1913,0,1,52,0.0,8.0,1.4767381076842656,8.0
CA_2,FOODS_3_317,1913,0,45,504,0.0,12.0,2.2341871406168323,12.0
CA_2,FOODS_3_381,1913,0,34,1465,0.0,4.4478,0.3524439100888657,4.4478
CA_2,FOODS_3_415,1913,0,10,541,0.0,8.0,0.9712493465760584,8.0
CA_2,FOODS_3_440,1913,0,41,1146,0.0,4.4478,0.4021744903293257,4.4478
CA_2,FOODS_3_477,1913,0,0,0,0.0,13.0,3.20543648719289,13.0
CA_2,FOODS_3_486,1913,0,33,784,0.0,4.0,0.5833768949294302,4.0
CA_2,FOODS_3_514,1913,0,50,1007,0.0,8.0,1.21955044432828,8.0
CA_2,FOODS_3_593,1913,0,24,546,0.0,4.0,0.5943544171458442,4.0
CA_2,FOODS_3_609,1913,0,29,1159,0.0,4.0,0.5143753267119707,4.0
CA_2,FOODS_3_785,1913,0,7,156,0.0,17.0,3.520125457396759,17.0
CA_2,HOBBIES_1_025,1913,0,20,740,0.0,4.4478,0.4427370622059592,4.4478
CA_2,HOBBIES_1_038,1913,0,1,282,0.0,4.4478,0.2987181390486148,4.4478
CA_2,HOBBIES_1_090,1913,0,160,891,0.0,8.0,1.6168322007318348,8.0
CA_2,HOBBIES_1_093,1913,0,0,1047,0.0,4.4478,0.0909566126502875,2.0
CA_2,HOBBIES_1_113,1913,0,0,1170,0.0,4.4478,0.1035023523261892,4.0
CA_2,HOBBIES_1_201,1913,0,0,64,0.0,8.0,1.019341348667015,7.0
CA_2,HOBBIES_1_210,1913,0,39,515,0.0,4.0,0.6100365917407213,4.0
CA_2,HOBBIES_1_254,1913,0,24,0,0.0,25.0,4.8646105593308935,25.0
CA_2,HOBBIES_1_269,1913,0,0,1498,0.0,4.4478,0.0794563512807109,4.0
CA_2,HOBBIES_1_287,1913,0,1,496,0.0,4.0,0.3988499738630423,4.0
CA_2,HOBBIES_1_316,1913,0,57,951,0.0,4.0,0.5253528489283847,4.0
CA_2,HOBBIES_1_353,1913,0,157,877,0.0,8.0,1.5546262415054888,8.0
CA_2,HOBBIES_1_385,1913,0,0,1483,0.0,4.4478,0.1202300052273915,4.0
CA_2,HOBBIES_1_393,1913,0,0,1275,0.0,4.4478,0.0763199163617354,4.0
CA_2,HOBBIES_1_424,1913,0,24,30,0.0,8.0,1.2023000522739151,8.0
CA_2,HOBBIES_2_005,1913,0,0,1115,0.0,4.4478,0.1129116570831155,3.0
CA_2,HOBBIES_2_008,1913,0,0,1342,0.0,4.4478,0.0820700470465237,3.0
CA_2,HOBBIES_2_017,1913,0,0,1028,0.0,4.4478,0.1217982226868792,3.0
CA_2,HOBBIES_2_079,1913,0,0,1430,0.0,4.4478,0.0601150026136957,3.0
CA_2,HOBBIES_2_120,1913,0,11,384,0.0,4.0,0.4338734971249346,4.0
CA_2,HOUSEHOLD_1_104,1913,0,0,1287,0.0,4.4478,0.0909566126502875,3.0
CA_2,HOUSEHOLD_1_170,1913,0,3,240,0.0,8.0,0.9503397804495556,8.0
CA_2,HOUSEHOLD_1_256,1913,0,22,441,0.0,4.0,0.7569262937794041,4.0
CA_2,HOUSEHOLD_1_308,1913,0,0,1561,0.0,4.4478,0.0611604809200209,3.0
CA_2,HOUSEHOLD_1_330,1913,0,33,1201,0.0,4.4478,0.5079860951385259,4.4478
CA_2,HOUSEHOLD_1_414,1913,0,63,692,0.0,20.0,3.3094615786722423,20.0
CA_2,HOUSEHOLD_1_460,1913,0,10,94,0.0,8.0,1.466283324621014,8.0
CA_2,HOUSEHOLD_1_462,1913,0,16,242,0.0,12.0,2.112388917929953,12.0
CA_2,HOUSEHOLD_2_049,1913,0,21,712,0.0,4.0,0.6189231573444851,4.0
CA_2,HOUSEHOLD_2_120,1913,0,0,1548,0.0,4.4478,0.0742289597490852,4.0
CA_2,HOUSEHOLD_2_158,1913,0,1,801,0.0,4.4478,0.2250119184526921,4.4478
CA_2,HOUSEHOLD_2_184,1913,0,2,38,0.0,8.0,1.158912702561422,8.0
CA_2,HOUSEHOLD_2_194,1913,0,1,1508,0.0,4.4478,0.0765539989545217,4.4478
CA_2,HOUSEHOLD_2_267,1913,0,2,546,0.0,4.0,0.3920543648719289,4.0
CA_2,HOUSEHOLD_2_307,1913,0,0,1692,0.0,4.4478,0.0444328280188186,3.0
CA_2,HOUSEHOLD_2_330,1913,0,1,1468,0.0,4.4478,0.0713266074228959,4.4478
CA_2,HOUSEHOLD_2_334,1913,0,15,193,0.0,4.0,0.4197595399895452,4.0
CA_2,HOUSEHOLD_2_347,1913,0,19,340,0.0,4.0,0.7506534239414532,4.0
CA_2,HOUSEHOLD_2_407,1913,0,0,346,0.0,4.4478,0.2409827496079456,4.0
CA_2,HOUSEHOLD_2_438,1913,0,11,93,0.0,4.0,0.8207004704652379,4.0
CA_3,FOODS_1_125,1913,0,22,1233,0.0,4.4478,0.4604556194458964,4.4478
CA_3,FOODS_1_129,1913,0,3,132,0.0,8.0,1.3288029273392576,8.0
CA_3,FOODS_1_137,1913,0,14,493,0.0,28.0,4.147412441191845,28.0
CA_3,FOODS_1_187,1913,0,4,251,0.0,16.0,2.3073706220595924,16.0
CA_3,FOODS_2_072,1913,0,8,177,0.0,8.0,1.1594354417145845,8.0
CA_3,FOODS_3_002,1913,0,30,1117,0.0,8.0,1.1813904861474125,8.0
CA_3,FOODS_3_010,1913,0,35,840,0.0,4.0,0.7673810768426556,4.0
CA_3,FOODS_3_034,1913,0,5,933,0.0,12.0,1.6001045478306326,12.0
CA_3,FOODS_3_123,1913,0,75,459,0.0,4.0,0.8484056455828541,4.0
CA_3,FOODS_3_139,1913,0,4,220,0.0,17.0,3.0407736539466805,17.0
CA_3,FOODS_3_317,1913,0,17,221,0.0,20.0,3.168844746471511,20.0
CA_3,FOODS_3_381,1913,0,22,932,0.0,8.0,1.2300052273915316,8.0
CA_3,FOODS_3_415,1913,0,4,469,0.0,12.0,1.7360167276529013,12.0
CA_3,FOODS_3_440,1913,0,73,1130,0.0,4.0,0.6659696811291166,4.0
CA_3,FOODS_3_477,1913,0,1,0,0.0,15.0,4.824882383690539,15.0
CA_3,FOODS_3_486,1913,0,34,530,0.0,4.0,0.7553580763199164,4.0
CA_3,FOODS_3_514,1913,0,71,944,0.0,8.0,1.3319393622582332,8.0
CA_3,FOODS_3_593,1913,0,51,442,0.0,4.0,0.8646105593308939,4.0
CA_3,FOODS_3_609,1913,0,13,702,0.0,8.0,1.3518034500784109,8.0
CA_3,FOODS_3_785,1913,0,9,34,0.0,53.0,12.24986931521171,53.0
CA_3,HOBBIES_1_025,1913,0,27,281,0.0,4.0,0.63617354939885,4.0
CA_3,HOBBIES_1_038,1913,0,1,109,0.0,4.0,0.4030318870883429,4.0
CA_3,HOBBIES_1_090,1913,0,59,921,0.0,12.0,2.0141139571353897,12.0
CA_3,HOBBIES_1_093,1913,0,0,825,0.0,4.4478,0.1458442237323575,3.0
CA_3,HOBBIES_1_113,1913,0,1,1012,0.0,4.4478,0.2161253528489284,4.4478
CA_3,HOBBIES_1_201,1913,0,2,0,0.0,9.0,2.346576058546785,9.0
CA_3,HOBBIES_1_210,1913,0,35,646,0.0,4.0,0.5865133298484057,4.0
CA_3,HOBBIES_1_254,1913,0,21,0,0.0,51.0,10.791427077888134,51.0
CA_3,HOBBIES_1_269,1913,0,0,1552,0.0,4.4478,0.0601150026136957,3.0
CA_3,HOBBIES_1_287,1913,0,16,896,0.0,4.0,0.4903293256664924,4.0
CA_3,HOBBIES_1_316,1913,0,52,1235,0.0,4.4478,0.4340227914270779,4.4478
CA_3,HOBBIES_1_353,1913,0,76,892,0.0,16.0,2.756403554626241,16.0
CA_3,HOBBIES_1_385,1913,0,0,1456,0.0,4.4478,0.0956612650287506,4.0
CA_3,HOBBIES_1_393,1913,0,0,1033,0.0,4.4478,0.1338212232096184,3.0
CA_3,HOBBIES_1_424,1913,0,50,73,0.0,4.0,0.8238369053842133,4.0
CA_3,HOBBIES_2_005,1913,0,0,1309,0.0,4.4478,0.0700470465237846,2.0
CA_3,HOBBIES_2_008,1913,0,0,983,0.0,4.4478,0.1202300052273915,3.0
CA_3,HOBBIES_2_017,1913,0,8,1079,0.0,4.4478,0.1952861474124411,4.4478
CA_3,HOBBIES_2_079,1913,0,1,1289,0.0,4.4478,0.093281651855724,4.4478
CA_3,HOBBIES_2_120,1913,0,19,455,0.0,4.0,0.5478306325143754,4.0
CA_3,HOUSEHOLD_1_104,1913,0,1,1128,0.0,4.4478,0.1215095661265028,4.4478
CA_3,HOUSEHOLD_1_170,1913,0,1,728,0.0,8.0,1.043910088865656,8.0
CA_3,HOUSEHOLD_1_256,1913,0,5,110,0.0,9.0,2.222164140094093,9.0
CA_3,HOUSEHOLD_1_308,1913,0,2,1530,0.0,4.4478,0.1395167799268165,4.4478
CA_3,HOUSEHOLD_1_330,1913,0,119,1201,0.0,4.0,0.8311552535284893,4.0
CA_3,HOUSEHOLD_1_414,1913,0,2,757,0.0,40.0,5.959749085206482,40.0
CA_3,HOUSEHOLD_1_460,1913,0,1,131,0.0,12.0,1.74385781495034,12.0
CA_3,HOUSEHOLD_1_462,1913,0,1,399,0.0,40.0,5.97752221641401,40.0
CA_3,HOUSEHOLD_2_049,1913,0,34,672,0.0,4.0,0.785154208050183,4.0
CA_3,HOUSEHOLD_2_120,1913,0,0,1494,0.0,4.4478,0.0998431782540512,4.0
CA_3,HOUSEHOLD_2_158,1913,0,0,717,0.0,4.4478,0.2043910088865656,4.0
CA_3,HOUSEHOLD_2_184,1913,0,24,215,0.0,4.0,0.8269733403031887,4.0
CA_3,HOUSEHOLD_2_194,1913,0,0,1448,0.0,4.4478,0.1076842655514898,4.0
CA_3,HOUSEHOLD_2_267,1913,0,1,1340,0.0,4.4478,0.1790108729743858,4.4478
CA_3,HOUSEHOLD_2_307,1913,0,0,1453,0.0,4.4478,0.0642969158389963,3.0
CA_3,HOUSEHOLD_2_330,1913,0,0,1313,0.0,4.4478,0.1364349189754312,4.0
CA_3,HOUSEHOLD_2_334,1913,0,4,870,0.0,4.4478,0.1603717720857292,4.4478
CA_3,HOUSEHOLD_2_347,1913,0,14,330,0.0,4.0,0.7166753789858861,4.0
CA_3,HOUSEHOLD_2_407,1913,0,0,273,0.0,4.4478,0.2598013591217982,4.0
CA_3,HOUSEHOLD_2_438,1913,0,0,122,0.0,8.0,1.2749607945635129,8.0
TX_1,FOODS_1_125,1913,0,2,1311,0.0,4.4478,0.1755857814950339,4.4478
TX_1,FOODS_1_129,1913,0,0,679,0.0,20.0,2.782017773131208,17.0
TX_1,FOODS_1_137,1913,0,32,332,0.0,12.0,2.118661787767904,12.0
TX_1,FOODS_1_187,1913,0,37,230,0.0,4.0,0.7820177731312076,4.0
TX_1,FOODS_2_072,1913,0,16,563,0.0,4.4478,0.3827312075274438,4.4478
TX_1,FOODS_3_002,1913,0,48,1066,0.0,4.0,0.7224255096706743,4.0
TX_1,FOODS_3_010,1913,0,0,876,0.0,4.4478,0.2007318348144276,3.0
TX_1,FOODS_3_034,1913,0,74,980,0.0,4.0,0.840041819132253,4.0
TX_1,FOODS_3_123,1913,0,2,830,0.0,4.4478,0.2404054364871929,4.4478
TX_1,FOODS_3_139,1913,0,7,151,0.0,4.0,0.6377417668583377,4.0
TX_1,FOODS_3_317,1913,0,52,820,0.0,4.0,0.571353894406691,4.0
TX_1,FOODS_3_381,1913,0,8,1180,0.0,4.4478,0.3202208050182958,4.4478
TX_1,FOODS_3_415,1913,0,34,593,0.0,4.0,0.7271301620491375,4.0
TX_1,FOODS_3_440,1913,0,1,1213,0.0,4.4478,0.1434646105593309,4.4478
TX_1,FOODS_3_477,1913,0,0,0,0.0,13.0,2.6351280710925247,11.0
TX_1,FOODS_3_486,1913,0,4,558,0.0,4.0,0.3523261892315734,4.0
TX_1,FOODS_3_514,1913,0,10,1408,0.0,4.4478,0.1581170935703084,4.4478
TX_1,FOODS_3_593,1913,0,2,760,0.0,4.4478,0.2383144798745426,4.4478
TX_1,FOODS_3_609,1913,0,10,1036,0.0,4.4478,0.4090318870883429,4.4478
TX_1,FOODS_3_785,1913,0,16,201,0.0,22.0,4.865656037637219,22.0
TX_1,HOBBIES_1_025,1913,0,5,680,0.0,4.4478,0.2531306847882906,4.4478
TX_1,HOBBIES_1_038,1913,0,0,499,0.0,4.4478,0.203868269733403,3.0
TX_1,HOBBIES_1_090,1913,0,55,1155,0.0,4.4478,0.3186769472033456,4.4478
TX_1,HOBBIES_1_093,1913,0,0,1010,0.0,4.4478,0.1087297438578149,2.0
TX_1,HOBBIES_1_113,1913,0,1,1149,0.0,4.4478,0.1199413486670151,4.4478
TX_1,HOBBIES_1_201,1913,0,12,0,0.0,9.0,1.7454260324098274,9.0
TX_1,HOBBIES_1_210,1913,0,13,590,0.0,4.0,0.5112388917929953,4.0
TX_1,HOBBIES_1_254,1913,0,42,0,0.0,20.0,3.586513329848405,20.0
TX_1,HOBBIES_1_269,1913,0,0,1588,0.0,4.4478,0.0345007841087297,3.0
TX_1,HOBBIES_1_287,1913,0,0,730,0.0,4.4478,0.2430737062205959,4.0
TX_1,HOBBIES_1_316,1913,0,57,883,0.0,4.4478,0.4853761630946158,4.4478
TX_1,HOBBIES_1_353,1913,0,70,1125,0.0,4.4478,0.3796894929430214,4.4478
TX_1,HOBBIES_1_385,1913,0,0,1396,0.0,4.4478,0.0893883951907997,4.0
TX_1,HOBBIES_1_393,1913,0,0,1300,0.0,4.4478,0.0757971772085729,3.0
TX_1,HOBBIES_1_424,1913,0,37,172,0.0,4.0,0.560376372190277,4.0
TX_1,HOBBIES_2_005,1913,0,0,1556,0.0,4.4478,0.0449555671719811,2.0
TX_1,HOBBIES_2_008,1913,0,0,896,0.0,4.4478,0.1306847882906429,3.0
TX_1,HOBBIES_2_017,1913,0,1,1108,0.0,4.4478,0.1100093047569262,4.4478
TX_1,HOBBIES_2_079,1913,0,0,1627,0.0,4.4478,0.03659174072138,3.0
TX_1,HOBBIES_2_120,1913,0,12,659,0.0,4.4478,0.3514760062728698,4.4478
TX_1,HOUSEHOLD_1_104,1913,0,0,1646,0.0,4.4478,0.0392054364871928,2.0
TX_1,HOUSEHOLD_1_170,1913,0,15,863,0.0,4.0,0.6445373758494511,4.0
TX_1,HOUSEHOLD_1_256,1913,0,18,592,0.0,4.0,0.6769472033455306,4.0
TX_1,HOUSEHOLD_1_308,1913,0,0,1591,0.0,4.4478,0.0559330893883951,3.0
TX_1,HOUSEHOLD_1_330,1913,0,13,1234,0.0,4.4478,0.3647785676947203,4.4478
TX_1,HOUSEHOLD_1_414,1913,0,6,742,0.0,28.0,4.257187663355985,28.0
TX_1,HOUSEHOLD_1_460,1913,0,33,164,0.0,4.0,0.8996340825927862,4.0
TX_1,HOUSEHOLD_1_462,1913,0,30,306,0.0,8.0,1.5368531102979612,8.0
TX_1,HOUSEHOLD_2_049,1913,0,9,696,0.0,4.4478,0.327773235755358,4.4478
TX_1,HOUSEHOLD_2_120,1913,0,0,1744,0.0,4.4478,0.0240460010454783,2.0
TX_1,HOUSEHOLD_2_158,1913,0,0,1437,0.0,4.4478,0.0642969158389963,2.0
TX_1,HOUSEHOLD_2_184,1913,0,4,391,0.0,4.4478,0.3271255619445896,4.4478
TX_1,HOUSEHOLD_2_194,1913,0,0,1531,0.0,4.4478,0.065865133298484,3.0
TX_1,HOUSEHOLD_2_267,1913,0,0,678,0.0,4.4478,0.2895974908520648,4.0
TX_1,HOUSEHOLD_2_307,1913,0,0,1731,0.0,4.4478,0.0203868269733403,2.0
TX_1,HOUSEHOLD_2_330,1913,0,0,1818,0.0,4.4478,0.0193413486670151,2.0
TX_1,HOUSEHOLD_2_334,1913,0,1,1002,0.0,4.4478,0.1732607422895975,4.4478
TX_1,HOUSEHOLD_2_347,1913,0,9,643,0.0,4.4478,0.2415212754835337,4.4478
TX_1,HOUSEHOLD_2_407,1913,0,0,1073,0.0,4.4478,0.1144798745426032,3.0
TX_1,HOUSEHOLD_2_438,1913,0,7,116,0.0,4.0,0.6204913748039729,4.0
TX_2,FOODS_1_125,1913,0,3,1244,0.0,4.4478,0.2699129116570831,4.4478
TX_2,FOODS_1_129,1913,0,1,383,0.0,20.0,3.4657605854678515,20.0
TX_2,FOODS_1_137,1913,0,10,358,0.0,20.0,3.127025614218505,20.0
TX_2,FOODS_1_187,1913,0,2,269,0.0,8.0,1.0151594354417146,8.0
TX_2,FOODS_2_072,1913,0,14,645,0.0,4.0,0.4009409304756926,4.0
TX_2,FOODS_3_002,1913,0,53,1118,0.0,4.0,0.6732880292733926,4.0
TX_2,FOODS_3_010,1913,0,2,825,0.0,4.4478,0.3308393099843179,4.4478
TX_2,FOODS_3_034,1913,0,9,961,0.0,8.0,1.1437532671197073,8.0
TX_2,FOODS_3_123,1913,0,9,1082,0.0,4.4478,0.2446577104025091,4.4478
TX_2,FOODS_3_139,1913,0,2,15,0.0,8.0,1.0376372190277052,8.0
TX_2,FOODS_3_317,1913,0,105,678,0.0,4.0,0.7297438578149503,4.0
TX_2,FOODS_3_381,1913,0,90,1133,0.0,4.0,0.7433350757971772,4.0
TX_2,FOODS_3_415,1913,0,8,527,0.0,8.0,1.150026136957658,8.0
TX_2,FOODS_3_440,1913,0,0,1174,0.0,4.4478,0.1474124411918452,4.0
TX_2,FOODS_3_477,1913,0,1,0,0.0,24.0,6.773653946680606,24.0
TX_2,FOODS_3_486,1913,0,3,514,0.0,4.0,0.4762153685311029,4.0
TX_2,FOODS_3_514,1913,0,0,1337,0.0,4.4478,0.0956612650287506,4.0
TX_2,FOODS_3_593,1913,0,5,566,0.0,4.0,0.4317825405122844,4.0
TX_2,FOODS_3_609,1913,0,39,735,0.0,4.0,0.6685833768949294,4.0
TX_2,FOODS_3_785,1913,0,21,201,0.0,31.0,6.918452692106639,31.0
TX_2,HOBBIES_1_025,1913,0,17,586,0.0,4.0,0.4526921066387872,4.0
TX_2,HOBBIES_1_038,1913,0,0,48,0.0,4.0,0.4626241505488761,4.0
TX_2,HOBBIES_1_090,1913,0,56,929,0.0,4.4478,0.3952309461578672,4.4478
TX_2,HOBBIES_1_093,1913,0,1,610,0.0,4.4478,0.2401713538944067,4.4478
TX_2,HOBBIES_1_113,1913,0,1,1039,0.0,4.4478,0.1769199163617355,4.4478
TX_2,HOBBIES_1_201,1913,0,1,0,0.0,9.0,1.830109775222164,9.0
TX_2,HOBBIES_1_210,1913,0,4,444,0.0,8.0,1.0287506534239417,8.0
TX_2,HOBBIES_1_254,1913,0,37,34,0.0,21.0,4.158912702561421,21.0
TX_2,HOBBIES_1_269,1913,0,0,1503,0.0,4.4478,0.0721380031364349,4.0
TX_2,HOBBIES_1_287,1913,0,2,544,0.0,4.0,0.5859905906952431,4.0
TX_2,HOBBIES_1_316,1913,0,195,1186,0.0,4.4478,0.7607532671197074,4.4478
TX_2,HOBBIES_1_353,1913,0,145,916,0.0,4.0,0.7051751176163095,4.0
TX_2,HOBBIES_1_385,1913,0,0,1640,0.0,4.4478,0.0527966544694197,3.0
TX_2,HOBBIES_1_393,1913,0,0,1370,0.0,4.4478,0.0663878724516466,2.0
TX_2,HOBBIES_1_424,1913,0,57,191,0.0,4.0,0.6126502875065343,4.0
TX_2,HOBBIES_2_005,1913,0,0,1279,0.0,4.4478,0.0742289597490852,3.0
TX_2,HOBBIES_2_008,1913,0,0,485,0.0,4.4478,0.2284370099320439,3.0
TX_2,HOBBIES_2_017,1913,0,4,807,0.0,4.4478,0.2419190799790904,4.4478
TX_2,HOBBIES_2_079,1913,0,0,1361,0.0,4.4478,0.0747516989022477,3.0
TX_2,HOBBIES_2_120,1913,0,18,324,0.0,4.0,0.520125457396759,4.0
TX_2,HOUSEHOLD_1_104,1913,0,0,1588,0.0,4.4478,0.043910088865656,4.0
TX_2,HOUSEHOLD_1_170,1913,0,12,898,0.0,4.0,0.5222164140094093,4.0
TX_2,HOUSEHOLD_1_256,1913,0,3,487,0.0,8.0,1.1677992681651856,8.0
TX_2,HOUSEHOLD_1_308,1913,0,0,1530,0.0,4.4478,0.0899111343439623,3.0
TX_2,HOUSEHOLD_1_330,1913,0,4,1207,0.0,4.4478,0.3715583899634083,4.4478
TX_2,HOUSEHOLD_1_414,1913,0,59,735,0.0,20.0,3.5582854155776267,20.0
TX_2,HOUSEHOLD_1_460,1913,0,6,120,0.0,8.0,1.326189231573445,8.0
TX_2,HOUSEHOLD_1_462,1913,0,9,224,0.0,12.0,2.037637219027705,12.0
TX_2,HOUSEHOLD_2_049,1913,0,2,685,0.0,4.4478,0.3125434396236278,4.4478
TX_2,HOUSEHOLD_2_120,1913,0,0,1574,0.0,4.4478,0.051228437009932,4.0
TX_2,HOUSEHOLD_2_158,1913,0,0,1050,0.0,4.4478,0.1144798745426032,3.0
TX_2,HOUSEHOLD_2_184,1913,0,5,641,0.0,4.0,0.3575535807631991,4.0
TX_2,HOUSEHOLD_2_194,1913,0,0,1474,0.0,4.4478,0.069524307370622,3.0
TX_2,HOUSEHOLD_2_267,1913,0,3,766,0.0,4.0,0.41871406168322,4.0
TX_2,HOUSEHOLD_2_307,1913,0,0,1614,0.0,4.4478,0.058546785154208,3.0
TX_2,HOUSEHOLD_2_330,1913,0,0,1545,0.0,4.4478,0.0480920020909566,4.0
TX_2,HOUSEHOLD_2_334,1913,0,0,1783,0.0,4.4478,0.0287506534239414,3.0
TX_2,HOUSEHOLD_2_347,1913,0,2,701,0.0,4.4478,0.2100865656037637,4.4478
TX_2,HOUSEHOLD_2_407,1913,0,1,118,0.0,4.4478,0.2798995295347621,4.4478
TX_2,HOUSEHOLD_2_438,1913,0,8,112,0.0,4.0,0.7391531625718767,4.0
WI_1,FOODS_1_125,1913,0,0,1377,0.0,4.4478,0.1285938316779926,4.0
WI_1,FOODS_1_129,1913,0,10,45,0.0,8.0,1.2383690538421328,8.0
WI_1,FOODS_1_137,1913,0,12,182,0.0,12.0,1.9989545216936748,12.0
WI_1,FOODS_1_187,1913,0,3,420,0.0,8.0,0.9247255619445895,8.0
WI_1,FOODS_2_072,1913,0,41,875,0.0,4.0,0.5771040250914794,4.0
WI_1,FOODS_3_002,1913,0,10,1093,0.0,28.0,3.723993727130162,28.0
WI_1,FOODS_3_010,1913,0,30,861,0.0,4.0,0.7260846837428123,4.0
WI_1,FOODS_3_034,1913,0,12,973,0.0,4.0,0.5708311552535285,4.0
WI_1,FOODS_3_123,1913,0,11,557,0.0,4.0,0.5143753267119707,4.0
WI_1,FOODS_3_139,1913,0,4,651,0.0,8.0,1.3904861474124413,8.0
WI_1,FOODS_3_317,1913,0,57,474,0.0,12.0,2.3094615786722423,12.0
WI_1,FOODS_3_381,1913,0,28,1165,0.0,8.0,1.1082070047046524,8.0
WI_1,FOODS_3_415,1913,0,27,520,0.0,4.0,0.7124934657605855,4.0
WI_1,FOODS_3_440,1913,0,2,1148,0.0,4.4478,0.1771539989545217,4.4478
WI_1,FOODS_3_477,1913,0,2,93,0.0,13.0,2.9832723470987976,13.0
WI_1,FOODS_3_486,1913,0,12,581,0.0,4.0,0.4296915838996341,4.0
WI_1,FOODS_3_514,1913,0,102,1194,0.0,4.0,0.6393099843178254,4.0
WI_1,FOODS_3_593,1913,0,3,632,0.0,4.4478,0.2735720857292211,4.4478
WI_1,FOODS_3_609,1913,0,36,1435,0.0,4.4478,0.4240046001045478,4.4478
WI_1,FOODS_3_785,1913,0,1,853,0.0,32.0,4.76424464192368,32.0
WI_1,HOBBIES_1_025,1913,0,18,151,0.0,4.0,0.5467851542080502,4.0
WI_1,HOBBIES_1_038,1913,0,0,300,0.0,4.4478,0.2566649242028228,4.0
WI_1,HOBBIES_1_090,1913,0,156,877,0.0,4.0,0.7637219027705175,4.0
WI_1,HOBBIES_1_093,1913,0,0,517,0.0,4.4478,0.3141662310507057,4.0
WI_1,HOBBIES_1_113,1913,0,0,1535,0.0,4.4478,0.0538421327757449,3.0
WI_1,HOBBIES_1_201,1913,0,0,1192,0.0,4.4478,0.2801881860951385,4.0
WI_1,HOBBIES_1_210,1913,0,2,824,0.0,4.4478,0.3125434396236278,4.4478
WI_1,HOBBIES_1_254,1913,0,21,33,0.0,12.0,2.050182958703607,12.0
WI_1,HOBBIES_1_269,1913,0,0,1473,0.0,4.4478,0.102456874019864,4.0
WI_1,HOBBIES_1_287,1913,0,0,699,0.0,4.4478,0.3005750130684788,4.0
WI_1,HOBBIES_1_316,1913,0,118,825,0.0,4.0,0.7375849451123889,4.0
WI_1,HOBBIES_1_353,1913,0,129,900,0.0,4.0,0.7767903815995818,4.0
WI_1,HOBBIES_1_385,1913,0,3,1484,0.0,4.4478,0.1768653423941453,4.4478
WI_1,HOBBIES_1_393,1913,0,3,874,0.0,4.4478,0.3545966544694197,4.4478
WI_1,HOBBIES_1_424,1913,0,8,41,0.0,8.0,1.304234187140617,8.0
WI_1,HOBBIES_2_005,1913,0,0,1035,0.0,4.4478,0.1233664401463669,4.0
WI_1,HOBBIES_2_008,1913,0,0,1007,0.0,4.4478,0.1019341348667015,2.0
WI_1,HOBBIES_2_017,1913,0,4,1059,0.0,4.4478,0.1473032932566649,4.4478
WI_1,HOBBIES_2_079,1913,0,0,1323,0.0,4.4478,0.080501829587036,3.0
WI_1,HOBBIES_2_120,1913,0,5,404,0.0,4.4478,0.3137684265551489,4.4478
WI_1,HOUSEHOLD_1_104,1913,0,0,1520,0.0,4.4478,0.0470465237846314,3.0
WI_1,HOUSEHOLD_1_170,1913,0,4,381,0.0,8.0,1.2352326189231573,8.0
WI_1,HOUSEHOLD_1_256,1913,0,7,633,0.0,4.0,0.3904861474124412,4.0
WI_1,HOUSEHOLD_1_308,1913,0,1,1521,0.0,4.4478,0.1089638264506011,4.4478
WI_1,HOUSEHOLD_1_330,1913,0,6,1200,0.0,4.4478,0.375162990067956,4.4478
WI_1,HOUSEHOLD_1_414,1913,0,36,745,0.0,16.0,2.749607945635128,16.0
WI_1,HOUSEHOLD_1_460,1913,0,5,95,0.0,8.0,1.0418191322530057,8.0
WI_1,HOUSEHOLD_1_462,1913,0,48,981,0.0,4.4478,0.4341319393622582,4.4478
WI_1,HOUSEHOLD_2_049,1913,0,12,701,0.0,4.0,0.4887611082070047,4.0
WI_1,HOUSEHOLD_2_120,1913,0,0,1510,0.0,4.4478,0.047569262937794,3.0
WI_1,HOUSEHOLD_2_158,1913,0,0,1184,0.0,4.4478,0.0925248301097752,4.0
WI_1,HOUSEHOLD_2_184,1913,0,4,262,0.0,4.0,0.4521693674856247,4.0
WI_1,HOUSEHOLD_2_194,1913,0,0,1488,0.0,4.4478,0.05488761108207,3.0
WI_1,HOUSEHOLD_2_267,1913,0,1,634,0.0,4.4478,0.2887860951385259,4.4478
WI_1,HOUSEHOLD_2_307,1913,0,0,1660,0.0,4.4478,0.0376372190277051,2.0
WI_1,HOUSEHOLD_2_330,1913,0,0,1368,0.0,4.4478,0.084161003659174,3.0
WI_1,HOUSEHOLD_2_334,1913,0,2,603,0.0,4.4478,0.1625173026659696,4.4478
WI_1,HOUSEHOLD_2_347,1913,0,0,539,0.0,4.4478,0.2205959226346053,4.0
WI_1,HOUSEHOLD_2_407,1913,0,0,473,0.0,4.4478,0.1808677469942498,3.0
WI_1,HOUSEHOLD_2_438,1913,0,0,301,0.0,4.4478,0.3099843178254051,4.0
WI_2,FOODS_1_125,1913,0,1,1266,0.0,4.4478,0.1926020909566126,4.4478
WI_2,FOODS_1_129,1913,0,5,0,0.0,16.0,2.4955567171981183,16.0
WI_2,FOODS_1_137,1913,0,16,315,0.0,12.0,2.1181390486147413,12.0
WI_2,FOODS_1_187,1913,0,65,236,0.0,4.0,0.9153162571876634,4.0
WI_2,FOODS_2_072,1913,0,80,757,0.0,4.0,0.7919498170412964,4.0
WI_2,FOODS_3_002,1913,0,0,1087,0.0,52.0,6.9106116048092,50.0
WI_2,FOODS_3_010,1913,0,3,826,0.0,4.0,0.3946680606377418,4.0
WI_2,FOODS_3_034,1913,0,17,964,0.0,4.0,0.5326711970726608,4.0
WI_2,FOODS_3_123,1913,0,10,743,0.0,4.0,0.4317825405122844,4.0
WI_2,FOODS_3_139,1913,0,0,33,0.0,16.0,2.3439623627809723,15.0
WI_2,FOODS_3_317,1913,0,84,620,0.0,4.0,0.7626764244641924,4.0
WI_2,FOODS_3_381,1913,0,62,1084,0.0,4.0,0.6952430737062206,4.0
WI_2,FOODS_3_415,1913,0,7,599,0.0,8.0,1.439623627809723,8.0
WI_2,FOODS_3_440,1913,0,1,1422,0.0,4.4478,0.0927589127025614,4.4478
WI_2,FOODS_3_477,1913,0,1,557,0.0,12.0,1.7401986408782018,12.0
WI_2,FOODS_3_486,1913,0,2,1142,0.0,4.4478,0.2137457396759017,4.4478
WI_2,FOODS_3_514,1913,0,30,1153,0.0,4.4478,0.3588259278619968,4.4478
WI_2,FOODS_3_593,1913,0,1,753,0.0,4.4478,0.289831573444851,4.4478
WI_2,FOODS_3_609,1913,0,22,1085,0.0,4.4478,0.4432052273915316,4.4478
WI_2,FOODS_3_785,1913,0,4,855,0.0,24.0,3.429691583899634,24.0
WI_2,HOBBIES_1_025,1913,0,8,711,0.0,4.4478,0.2851972817564036,4.4478
WI_2,HOBBIES_1_038,1913,0,0,262,0.0,4.4478,0.2634605331939362,3.0
WI_2,HOBBIES_1_090,1913,0,67,935,0.0,4.4478,0.4704665969681129,4.4478
WI_2,HOBBIES_1_093,1913,0,0,1191,0.0,4.4478,0.080501829587036,3.0
WI_2,HOBBIES_1_113,1913,0,1,1295,0.0,4.4478,0.0911906952430737,4.4478
WI_2,HOBBIES_1_201,1913,0,2,0,0.0,4.0,0.7323575535807632,4.0
WI_2,HOBBIES_1_210,1913,0,4,741,0.0,4.4478,0.297329430214323,4.4478
WI_2,HOBBIES_1_254,1913,0,39,91,0.0,8.0,1.280710925248301,8.0
WI_2,HOBBIES_1_269,1913,0,0,1527,0.0,4.4478,0.0522739153162571,3.0
WI_2,HOBBIES_1_287,1913,0,0,889,0.0,4.4478,0.2665969681129116,4.0
WI_2,HOBBIES_1_316,1913,0,28,1089,0.0,4.4478,0.369858024046001,4.4478
WI_2,HOBBIES_1_353,1913,0,99,949,0.0,4.4478,0.5877324621014114,4.4478
WI_2,HOBBIES_1_385,1913,0,0,1445,0.0,4.4478,0.1129116570831155,4.0
WI_2,HOBBIES_1_393,1913,0,0,1219,0.0,4.4478,0.1050705697856769,3.0
WI_2,HOBBIES_1_424,1913,0,14,565,0.0,4.4478,0.3195343439623628,4.4478
WI_2,HOBBIES_2_005,1913,0,0,1139,0.0,4.4478,0.1113434396236278,2.0
WI_2,HOBBIES_2_008,1913,0,0,1176,0.0,4.4478,0.0982749607945635,2.0
WI_2,HOBBIES_2_017,1913,0,1,977,0.0,4.4478,0.1309188708834291,4.4478
WI_2,HOBBIES_2_079,1913,0,0,1663,0.0,4.4478,0.0371144798745426,3.0
WI_2,HOBBIES_2_120,1913,0,2,792,0.0,4.4478,0.2315188708834291,4.4478
WI_2,HOUSEHOLD_1_104,1913,0,0,1153,0.0,4.4478,0.1170935703084161,4.0
WI_2,HOUSEHOLD_1_170,1913,0,4,756,0.0,8.0,1.181913225300575,8.0
WI_2,HOUSEHOLD_1_256,1913,0,37,420,0.0,4.0,0.7809722948248824,4.0
WI_2,HOUSEHOLD_1_308,1913,0,0,1524,0.0,4.4478,0.1003659174072138,4.0
WI_2,HOUSEHOLD_1_330,1913,0,10,1201,0.0,4.4478,0.3447349712493466,4.4478
WI_2,HOUSEHOLD_1_414,1913,0,61,919,0.0,16.0,2.69106116048092,16.0
WI_2,HOUSEHOLD_1_460,1913,0,14,92,0.0,4.0,0.9038159958180868,4.0
WI_2,HOUSEHOLD_1_462,1913,0,8,407,0.0,16.0,2.5196027182435965,16.0
WI_2,HOUSEHOLD_2_049,1913,0,5,802,0.0,4.0,0.4030318870883429,4.0
WI_2,HOUSEHOLD_2_120,1913,0,0,1805,0.0,4.4478,0.0177731312075274,2.0
WI_2,HOUSEHOLD_2_158,1913,0,0,1350,0.0,4.4478,0.0815473078933612,3.0
WI_2,HOUSEHOLD_2_184,1913,0,1,1059,0.0,4.4478,0.1382372190277052,4.4478
WI_2,HOUSEHOLD_2_194,1913,0,0,1529,0.0,4.4478,0.0569785676947203,3.0
WI_2,HOUSEHOLD_2_267,1913,0,0,1019,0.0,4.4478,0.1500261369576581,4.0
WI_2,HOUSEHOLD_2_307,1913,0,0,1815,0.0,4.4478,0.014636696288552,2.0
WI_2,HOUSEHOLD_2_330,1913,0,0,1667,0.0,4.4478,0.0303188708834291,3.0
WI_2,HOUSEHOLD_2_334,1913,0,6,831,0.0,4.4478,0.1948179822268688,4.4478
WI_2,HOUSEHOLD_2_347,1913,0,0,1111,0.0,4.4478,0.1045478306325143,3.0
WI_2,HOUSEHOLD_2_407,1913,0,0,1474,0.0,4.4478,0.0580240460010454,2.0
WI_2,HOUSEHOLD_2_438,1913,0,0,264,0.0,4.0,0.3047569262937794,4.0
