event_type_1,cat_id,sales,base,lift_pct
Religious,HOUSEHOLD,0.6759615384615385,0.6471615365873467,4.4502029626269035
Cultural,HOBBIES,0.7336734693877551,0.7039064403476001,4.228833170705992
Sporting,FOODS,1.609375,1.5834808738731423,1.6352661124047208
Cultural,HOUSEHOLD,0.6391836734693878,0.6471615365873467,-1.2327467976586348
Religious,FOODS,1.5505494505494506,1.5834808738731423,-2.079685575433732
Cultural,FOODS,1.5324489795918368,1.5834808738731423,-3.222766698563473
Religious,HOBBIES,0.6762362637362638,0.7039064403476001,-3.9309452258559197
Sporting,HOUSEHOLD,0.6183035714285714,0.6471615365873467,-4.459159503043231
Sporting,HOBBIES,0.6584821428571429,0.7039064403476001,-6.453172593225021
National,HOUSEHOLD,0.5651260504201681,0.6471615365873467,-12.676199299447454
National,FOODS,1.3051820728291317,1.5834808738731423,-17.57512866974521
National,HOBBIES,0.5745098039215686,0.7039064403476001,-18.382647040725097
