series_id,store_id,item_id,cat_id,date,y_true,y_pred,model,error,abs_error,ape,state_id
CA_1__FOODS,CA_1,FOODS,FOODS,2016-03-28,31.0,32.35978089529715,lightgbm,-1.359780895297149,1.359780895297149,4.386389984829513,CA
CA_1__FOODS,CA_1,FOODS,FOODS,2016-03-29,20.0,29.986412829488813,lightgbm,-9.986412829488813,9.986412829488813,49.932064147444066,CA
CA_1__FOODS,CA_1,FOODS,FOODS,2016-03-30,22.0,28.60680901385394,lightgbm,-6.60680901385394,6.60680901385394,30.030950062972455,CA
CA_1__FOODS,CA_1,FOODS,FOODS,2016-03-31,30.0,29.47690133900404,lightgbm,0.5230986609959594,0.5230986609959594,1.7436622033198643,CA
CA_1__FOODS,CA_1,FOODS,FOODS,2016-04-01,42.0,33.70256054663925,lightgbm,8.297439453360752,8.297439453360752,19.755808222287506,CA
CA_1__FOODS,CA_1,FOODS,FOODS,2016-04-02,30.0,44.15167534428647,lightgbm,-14.151675344286467,14.151675344286467,47.17225114762156,CA
CA_1__FOODS,CA_1,FOODS,FOODS,2016-04-03,59.0,37.29962600715832,lightgbm,21.700373992841683,21.700373992841683,36.780294903121494,CA
CA_1__FOODS,CA_1,FOODS,FOODS,2016-04-04,40.4478,34.79678137471332,lightgbm,5.651018625286682,5.651018625286682,13.971139654781425,CA
CA_1__FOODS,CA_1,FOODS,FOODS,2016-04-05,30.0,33.488420858334706,lightgbm,-3.488420858334706,3.488420858334706,11.628069527782353,CA
CA_1__FOODS,CA_1,FOODS,FOODS,2016-04-06,27.0,30.081521736270904,lightgbm,-3.081521736270904,3.081521736270904,11.413043467670017,CA
CA_1__FOODS,CA_1,FOODS,FOODS,2016-04-07,29.0,32.37528742718046,lightgbm,-3.37528742718046,3.37528742718046,11.638922162691241,CA
CA_1__FOODS,CA_1,FOODS,FOODS,2016-04-08,23.0,34.80151486104763,lightgbm,-11.801514861047629,11.801514861047629,51.310934178467946,CA
CA_1__FOODS,CA_1,FOODS,FOODS,2016-04-09,39.0,44.96102259816717,lightgbm,-5.961022598167169,5.961022598167169,15.284673328633765,CA
CA_1__FOODS,CA_1,FOODS,FOODS,2016-04-10,57.0,42.626077376968205,lightgbm,14.373922623031795,14.373922623031795,25.217408110582095,CA
CA_1__FOODS,CA_1,FOODS,FOODS,2016-04-11,21.0,33.202363124493935,lightgbm,-12.202363124493935,12.202363124493935,58.10649106901874,CA
CA_1__FOODS,CA_1,FOODS,FOODS,2016-04-12,17.0,27.834483655625387,lightgbm,-10.834483655625387,10.834483655625387,63.732256797796396,CA
CA_1__FOODS,CA_1,FOODS,FOODS,2016-04-13,9.0,26.799897015696438,lightgbm,-17.799897015696438,17.799897015696438,197.7766335077382,CA
CA_1__FOODS,CA_1,FOODS,FOODS,2016-04-14,23.0,26.47012649760948,lightgbm,-3.470126497609481,3.470126497609481,15.08750651134557,CA
CA_1__FOODS,CA_1,FOODS,FOODS,2016-04-15,29.4478,30.23786120864051,lightgbm,-0.790061208640509,0.790061208640509,2.6829209945751766,CA
CA_1__FOODS,CA_1,FOODS,FOODS,2016-04-16,52.0,35.20793273973688,lightgbm,16.792067260263117,16.792067260263117,32.29243703896753,CA
CA_1__FOODS,CA_1,FOODS,FOODS,2016-04-17,45.0,41.955804730651394,lightgbm,3.044195269348606,3.044195269348606,6.764878376330236,CA
CA_1__FOODS,CA_1,FOODS,FOODS,2016-04-18,22.0,29.422119046485605,lightgbm,-7.422119046485605,7.422119046485605,33.73690475675275,CA
CA_1__FOODS,CA_1,FOODS,FOODS,2016-04-19,24.0,25.7632720696432,lightgbm,-1.7632720696432003,1.7632720696432003,7.346966956846668,CA
CA_1__FOODS,CA_1,FOODS,FOODS,2016-04-20,49.0,26.46810607936268,lightgbm,22.53189392063732,22.53189392063732,45.98345698089249,CA
CA_1__FOODS,CA_1,FOODS,FOODS,2016-04-21,35.0,29.308785597020044,lightgbm,5.691214402979956,5.691214402979956,16.26061257994273,CA
CA_1__FOODS,CA_1,FOODS,FOODS,2016-04-22,39.0,34.21046486657992,lightgbm,4.789535133420081,4.789535133420081,12.280859316461747,CA
CA_1__FOODS,CA_1,FOODS,FOODS,2016-04-23,60.0,46.40390648577025,lightgbm,13.59609351422975,13.59609351422975,22.66015585704958,CA
CA_1__FOODS,CA_1,FOODS,FOODS,2016-04-24,73.0,46.66038290213472,lightgbm,26.33961709786528,26.33961709786528,36.0816672573497,CA
CA_1__HOBBIES,CA_1,HOBBIES,HOBBIES,2016-03-28,17.0,15.45226511179325,lightgbm,1.5477348882067492,1.5477348882067492,9.104322871804408,CA
CA_1__HOBBIES,CA_1,HOBBIES,HOBBIES,2016-03-29,13.0,16.670475929618664,lightgbm,-3.6704759296186644,3.6704759296186644,28.234430227835883,CA
CA_1__HOBBIES,CA_1,HOBBIES,HOBBIES,2016-03-30,21.0,15.214773312207956,lightgbm,5.7852266877920435,5.7852266877920435,27.548698513295445,CA
CA_1__HOBBIES,CA_1,HOBBIES,HOBBIES,2016-03-31,14.0,16.57224528628346,lightgbm,-2.5722452862834615,2.5722452862834615,18.37318061631044,CA
CA_1__HOBBIES,CA_1,HOBBIES,HOBBIES,2016-04-01,26.0,19.33627924698458,lightgbm,6.6637207530154186,6.6637207530154186,25.629695203905456,CA
CA_1__HOBBIES,CA_1,HOBBIES,HOBBIES,2016-04-02,32.0,25.901284999299055,lightgbm,6.098715000700945,6.098715000700945,19.058484377190453,CA
CA_1__HOBBIES,CA_1,HOBBIES,HOBBIES,2016-04-03,29.0,25.35031589667061,lightgbm,3.6496841033293883,3.6496841033293883,12.585117597687546,CA
CA_1__HOBBIES,CA_1,HOBBIES,HOBBIES,2016-04-04,15.0,17.34851625306651,lightgbm,-2.34851625306651,2.34851625306651,15.6567750204434,CA
CA_1__HOBBIES,CA_1,HOBBIES,HOBBIES,2016-04-05,9.0,16.285421880495754,lightgbm,-7.285421880495754,7.285421880495754,80.94913200550837,CA
CA_1__HOBBIES,CA_1,HOBBIES,HOBBIES,2016-04-06,19.0,16.43013313115856,lightgbm,2.5698668688414408,2.5698668688414408,13.525615099165478,CA
CA_1__HOBBIES,CA_1,HOBBIES,HOBBIES,2016-04-07,4.0,17.41387401500996,lightgbm,-13.41387401500996,13.41387401500996,335.346850375249,CA
CA_1__HOBBIES,CA_1,HOBBIES,HOBBIES,2016-04-08,16.0,17.613527786387813,lightgbm,-1.613527786387813,1.613527786387813,10.084548664923831,CA
CA_1__HOBBIES,CA_1,HOBBIES,HOBBIES,2016-04-09,25.0,25.67577894287398,lightgbm,-0.6757789428739791,0.6757789428739791,2.7031157714959164,CA
CA_1__HOBBIES,CA_1,HOBBIES,HOBBIES,2016-04-10,32.0,22.974239629633463,lightgbm,9.025760370366537,9.025760370366537,28.205501157395428,CA
CA_1__HOBBIES,CA_1,HOBBIES,HOBBIES,2016-04-11,28.4478,16.2656375488427,lightgbm,12.1821624511573,12.1821624511573,42.82286310771764,CA
CA_1__HOBBIES,CA_1,HOBBIES,HOBBIES,2016-04-12,10.0,17.15723917441479,lightgbm,-7.157239174414791,7.157239174414791,71.57239174414791,CA
CA_1__HOBBIES,CA_1,HOBBIES,HOBBIES,2016-04-13,26.0,16.102997684366844,lightgbm,9.897002315633156,9.897002315633156,38.06539352166599,CA
CA_1__HOBBIES,CA_1,HOBBIES,HOBBIES,2016-04-14,20.0,16.839936055949906,lightgbm,3.160063944050094,3.160063944050094,15.800319720250473,CA
CA_1__HOBBIES,CA_1,HOBBIES,HOBBIES,2016-04-15,11.0,19.82497350839696,lightgbm,-8.824973508396958,8.824973508396958,80.2270318945178,CA
CA_1__HOBBIES,CA_1,HOBBIES,HOBBIES,2016-04-16,33.0,24.915013382380454,lightgbm,8.084986617619546,8.084986617619546,24.499959447331957,CA
CA_1__HOBBIES,CA_1,HOBBIES,HOBBIES,2016-04-17,18.0,25.25226901688189,lightgbm,-7.25226901688189,7.25226901688189,40.29038342712161,CA
CA_1__HOBBIES,CA_1,HOBBIES,HOBBIES,2016-04-18,16.0,16.926820723183116,lightgbm,-0.9268207231831163,0.9268207231831163,5.792629519894477,CA
CA_1__HOBBIES,CA_1,HOBBIES,HOBBIES,2016-04-19,14.0,16.118068100161107,lightgbm,-2.118068100161107,2.118068100161107,15.12905785829362,CA
CA_1__HOBBIES,CA_1,HOBBIES,HOBBIES,2016-04-20,7.0,17.308473734039964,lightgbm,-10.308473734039964,10.308473734039964,147.2639104862852,CA
CA_1__HOBBIES,CA_1,HOBBIES,HOBBIES,2016-04-21,13.0,15.594614847438512,lightgbm,-2.5946148474385122,2.5946148474385122,19.958575749527014,CA
CA_1__HOBBIES,CA_1,HOBBIES,HOBBIES,2016-04-22,15.0,18.212463058100024,lightgbm,-3.212463058100024,3.212463058100024,21.416420387333492,CA
CA_1__HOBBIES,CA_1,HOBBIES,HOBBIES,2016-04-23,28.0,24.626401841281183,lightgbm,3.373598158718817,3.373598158718817,12.048564852567203,CA
CA_1__HOBBIES,CA_1,HOBBIES,HOBBIES,2016-04-24,37.0,22.76389866970212,lightgbm,14.236101330297881,14.236101330297881,38.47594954134562,CA
CA_1__HOUSEHOLD,CA_1,HOUSEHOLD,HOUSEHOLD,2016-03-28,17.0,16.91593700571114,lightgbm,0.08406299428886044,0.08406299428886044,0.494488201699179,CA
CA_1__HOUSEHOLD,CA_1,HOUSEHOLD,HOUSEHOLD,2016-03-29,16.0,16.799476481070595,lightgbm,-0.7994764810705952,0.7994764810705952,4.99672800669122,CA
CA_1__HOUSEHOLD,CA_1,HOUSEHOLD,HOUSEHOLD,2016-03-30,16.0,16.529195630131664,lightgbm,-0.5291956301316638,0.5291956301316638,3.307472688322899,CA
CA_1__HOUSEHOLD,CA_1,HOUSEHOLD,HOUSEHOLD,2016-03-31,18.0,16.92020943875703,lightgbm,1.0797905612429695,1.0797905612429695,5.99883645134983,CA
CA_1__HOUSEHOLD,CA_1,HOUSEHOLD,HOUSEHOLD,2016-04-01,14.0,21.484530867574215,lightgbm,-7.484530867574215,7.484530867574215,53.46093476838725,CA
CA_1__HOUSEHOLD,CA_1,HOUSEHOLD,HOUSEHOLD,2016-04-02,16.0,24.39805504338911,lightgbm,-8.39805504338911,8.39805504338911,52.48784402118194,CA
CA_1__HOUSEHOLD,CA_1,HOUSEHOLD,HOUSEHOLD,2016-04-03,13.0,23.055305366152343,lightgbm,-10.055305366152343,10.055305366152343,77.34850281655649,CA
CA_1__HOUSEHOLD,CA_1,HOUSEHOLD,HOUSEHOLD,2016-04-04,15.0,15.793039726204254,lightgbm,-0.7930397262042543,0.7930397262042543,5.286931508028362,CA
CA_1__HOUSEHOLD,CA_1,HOUSEHOLD,HOUSEHOLD,2016-04-05,11.0,15.035318019098511,lightgbm,-4.035318019098511,4.035318019098511,36.684709264531925,CA
CA_1__HOUSEHOLD,CA_1,HOUSEHOLD,HOUSEHOLD,2016-04-06,13.0,14.708821970120631,lightgbm,-1.7088219701206313,1.7088219701206313,13.144784385543318,CA
CA_1__HOUSEHOLD,CA_1,HOUSEHOLD,HOUSEHOLD,2016-04-07,20.0,14.95428024845572,lightgbm,5.045719751544279,5.045719751544279,25.2285987577214,CA
CA_1__HOUSEHOLD,CA_1,HOUSEHOLD,HOUSEHOLD,2016-04-08,22.0,18.896458860905824,lightgbm,3.103541139094176,3.103541139094176,14.1070051777008,CA
CA_1__HOUSEHOLD,CA_1,HOUSEHOLD,HOUSEHOLD,2016-04-09,36.0,23.621408386282923,lightgbm,12.378591613717077,12.378591613717077,34.38497670476966,CA
CA_1__HOUSEHOLD,CA_1,HOUSEHOLD,HOUSEHOLD,2016-04-10,25.0,25.78472552699818,lightgbm,-0.7847255269981801,0.7847255269981801,3.138902107992721,CA
CA_1__HOUSEHOLD,CA_1,HOUSEHOLD,HOUSEHOLD,2016-04-11,21.0,18.997809368346594,lightgbm,2.0021906316534057,2.0021906316534057,9.534241103111455,CA
CA_1__HOUSEHOLD,CA_1,HOUSEHOLD,HOUSEHOLD,2016-04-12,16.0,17.752020769213562,lightgbm,-1.752020769213562,1.752020769213562,10.950129807584762,CA
CA_1__HOUSEHOLD,CA_1,HOUSEHOLD,HOUSEHOLD,2016-04-13,14.0,16.62356809975949,lightgbm,-2.6235680997594883,2.6235680997594883,18.739772141139202,CA
CA_1__HOUSEHOLD,CA_1,HOUSEHOLD,HOUSEHOLD,2016-04-14,21.0,16.502597701495272,lightgbm,4.497402298504728,4.497402298504728,21.416201421451085,CA
CA_1__HOUSEHOLD,CA_1,HOUSEHOLD,HOUSEHOLD,2016-04-15,25.0,20.76894921650413,lightgbm,4.231050783495871,4.231050783495871,16.924203133983482,CA
CA_1__HOUSEHOLD,CA_1,HOUSEHOLD,HOUSEHOLD,2016-04-16,24.0,26.462411260271224,lightgbm,-2.4624112602712245,2.4624112602712245,10.260046917796767,CA
CA_1__HOUSEHOLD,CA_1,HOUSEHOLD,HOUSEHOLD,2016-04-17,22.0,24.896394621442507,lightgbm,-2.896394621442507,2.896394621442507,13.165430097465942,CA
CA_1__HOUSEHOLD,CA_1,HOUSEHOLD,HOUSEHOLD,2016-04-18,18.0,18.725795174839007,lightgbm,-0.725795174839007,0.725795174839007,4.032195415772262,CA
CA_1__HOUSEHOLD,CA_1,HOUSEHOLD,HOUSEHOLD,2016-04-19,11.0,16.857564935133567,lightgbm,-5.857564935133567,5.857564935133567,53.25059031939606,CA
CA_1__HOUSEHOLD,CA_1,HOUSEHOLD,HOUSEHOLD,2016-04-20,12.0,15.900249501828435,lightgbm,-3.9002495018284353,3.9002495018284353,32.502079181903625,CA
CA_1__HOUSEHOLD,CA_1,HOUSEHOLD,HOUSEHOLD,2016-04-21,7.0,16.271477814081653,lightgbm,-9.271477814081653,9.271477814081653,132.44968305830932,CA
CA_1__HOUSEHOLD,CA_1,HOUSEHOLD,HOUSEHOLD,2016-04-22,17.0,17.340552729372803,lightgbm,-0.3405527293728028,0.3405527293728028,2.003251349251781,CA
CA_1__HOUSEHOLD,CA_1,HOUSEHOLD,HOUSEHOLD,2016-04-23,23.0,22.490803540271475,lightgbm,0.5091964597285248,0.5091964597285248,2.213897650993586,CA
CA_1__HOUSEHOLD,CA_1,HOUSEHOLD,HOUSEHOLD,2016-04-24,24.0,21.42369036012949,lightgbm,2.5763096398705088,2.5763096398705088,10.734623499460454,CA
CA_2__FOODS,CA_2,FOODS,FOODS,2016-03-28,18.0,29.246737015019335,lightgbm,-11.246737015019335,11.246737015019335,62.48187230566297,CA
CA_2__FOODS,CA_2,FOODS,FOODS,2016-03-29,28.0,25.276016023330172,lightgbm,2.723983976669828,2.723983976669828,9.728514202392244,CA
CA_2__FOODS,CA_2,FOODS,FOODS,2016-03-30,24.4478,27.07250966090744,lightgbm,-2.6247096609074383,2.6247096609074383,10.735974856254707,CA
CA_2__FOODS,CA_2,FOODS,FOODS,2016-03-31,22.0,27.58071439841074,lightgbm,-5.580714398410741,5.580714398410741,25.366883629139732,CA
CA_2__FOODS,CA_2,FOODS,FOODS,2016-04-01,30.4478,32.30371055250937,lightgbm,-1.8559105525093713,1.8559105525093713,6.095384732261022,CA
CA_2__FOODS,CA_2,FOODS,FOODS,2016-04-02,37.4478,38.82526360402445,lightgbm,-1.3774636040244488,1.3774636040244488,3.6783565497157342,CA
CA_2__FOODS,CA_2,FOODS,FOODS,2016-04-03,51.4478,35.724677598182126,lightgbm,15.723122401817875,15.723122401817875,30.561311468746723,CA
CA_2__FOODS,CA_2,FOODS,FOODS,2016-04-04,31.0,32.088136823926106,lightgbm,-1.0881368239261064,1.0881368239261064,3.510118786858408,CA
CA_2__FOODS,CA_2,FOODS,FOODS,2016-04-05,31.0,29.799313658135464,lightgbm,1.200686341864536,1.200686341864536,3.8731817479501154,CA
CA_2__FOODS,CA_2,FOODS,FOODS,2016-04-06,33.0,29.43319341821877,lightgbm,3.566806581781229,3.566806581781229,10.808504793276452,CA
CA_2__FOODS,CA_2,FOODS,FOODS,2016-04-07,35.0,32.23382875531381,lightgbm,2.7661712446861912,2.7661712446861912,7.903346413389118,CA
CA_2__FOODS,CA_2,FOODS,FOODS,2016-04-08,45.0,35.38852451296241,lightgbm,9.611475487037588,9.611475487037588,21.358834415639084,CA
CA_2__FOODS,CA_2,FOODS,FOODS,2016-04-09,54.0,44.42673840957477,lightgbm,9.573261590425233,9.573261590425233,17.72826220449117,CA
CA_2__FOODS,CA_2,FOODS,FOODS,2016-04-10,44.0,46.84344565934192,lightgbm,-2.843445659341917,2.843445659341917,6.462376498504358,CA
CA_2__FOODS,CA_2,FOODS,FOODS,2016-04-11,35.0,33.1756421016094,lightgbm,1.824357898390602,1.824357898390602,5.212451138258863,CA
CA_2__FOODS,CA_2,FOODS,FOODS,2016-04-12,33.0,32.08194077343078,lightgbm,0.9180592265692198,0.9180592265692198,2.781997656270363,CA
CA_2__FOODS,CA_2,FOODS,FOODS,2016-04-13,32.0,32.40791700390569,lightgbm,-0.40791700390568764,0.40791700390568764,1.2747406372052739,CA
CA_2__FOODS,CA_2,FOODS,FOODS,2016-04-14,39.0,32.012852662203514,lightgbm,6.987147337796486,6.987147337796486,17.915762404606376,CA
CA_2__FOODS,CA_2,FOODS,FOODS,2016-04-15,49.0,37.608241851875405,lightgbm,11.391758148124595,11.391758148124595,23.248486016580806,CA
CA_2__FOODS,CA_2,FOODS,FOODS,2016-04-16,41.4478,44.5154758502704,lightgbm,-3.0676758502703976,3.0676758502703976,7.401299587120179,CA
CA_2__FOODS,CA_2,FOODS,FOODS,2016-04-17,47.0,43.32707706069542,lightgbm,3.672922939304577,3.672922939304577,7.814729658094845,CA
CA_2__FOODS,CA_2,FOODS,FOODS,2016-04-18,28.0,33.340459308668585,lightgbm,-5.340459308668585,5.340459308668585,19.073068959530662,CA
CA_2__FOODS,CA_2,FOODS,FOODS,2016-04-19,32.0,29.511080494765665,lightgbm,2.4889195052343354,2.4889195052343354,7.777873453857298,CA
CA_2__FOODS,CA_2,FOODS,FOODS,2016-04-20,30.0,30.75267882356141,lightgbm,-0.7526788235614106,0.7526788235614106,2.5089294118713688,CA
CA_2__FOODS,CA_2,FOODS,FOODS,2016-04-21,24.0,29.8675901950539,lightgbm,-5.8675901950539,5.8675901950539,24.448292479391252,CA
CA_2__FOODS,CA_2,FOODS,FOODS,2016-04-22,31.0,32.93121344648251,lightgbm,-1.9312134464825093,1.9312134464825093,6.2297207951048685,CA
CA_2__FOODS,CA_2,FOODS,FOODS,2016-04-23,76.4478,41.342421318590105,lightgbm,35.105378681409896,35.105378681409896,45.92071803427946,CA
CA_2__FOODS,CA_2,FOODS,FOODS,2016-04-24,76.0,46.1075296467554,lightgbm,29.892470353244597,29.892470353244597,39.332197833216576,CA
CA_2__HOBBIES,CA_2,HOBBIES,HOBBIES,2016-03-28,20.0,14.463106031255563,lightgbm,5.536893968744437,5.536893968744437,27.68446984372218,CA
CA_2__HOBBIES,CA_2,HOBBIES,HOBBIES,2016-03-29,13.0,13.898588284219686,lightgbm,-0.8985882842196862,0.8985882842196862,6.912217570920663,CA
CA_2__HOBBIES,CA_2,HOBBIES,HOBBIES,2016-03-30,5.0,13.630208049779942,lightgbm,-8.630208049779942,8.630208049779942,172.60416099559882,CA
CA_2__HOBBIES,CA_2,HOBBIES,HOBBIES,2016-03-31,10.0,13.08359163245992,lightgbm,-3.0835916324599193,3.0835916324599193,30.835916324599193,CA
CA_2__HOBBIES,CA_2,HOBBIES,HOBBIES,2016-04-01,31.0,16.01276587672552,lightgbm,14.98723412327448,14.98723412327448,48.345916526691866,CA
CA_2__HOBBIES,CA_2,HOBBIES,HOBBIES,2016-04-02,14.0,20.259164374788718,lightgbm,-6.259164374788718,6.259164374788718,44.70831696277656,CA
CA_2__HOBBIES,CA_2,HOBBIES,HOBBIES,2016-04-03,32.0,19.38224882884056,lightgbm,12.61775117115944,12.61775117115944,39.43047240987325,CA
CA_2__HOBBIES,CA_2,HOBBIES,HOBBIES,2016-04-04,8.0,15.823993635607753,lightgbm,-7.823993635607753,7.823993635607753,97.79992044509692,CA
CA_2__HOBBIES,CA_2,HOBBIES,HOBBIES,2016-04-05,14.0,14.156809013067072,lightgbm,-0.15680901306707185,0.15680901306707185,1.1200643790505131,CA
CA_2__HOBBIES,CA_2,HOBBIES,HOBBIES,2016-04-06,26.0,13.644168205248894,lightgbm,12.355831794751106,12.355831794751106,47.522429979811946,CA
CA_2__HOBBIES,CA_2,HOBBIES,HOBBIES,2016-04-07,23.0,15.126282549436956,lightgbm,7.873717450563044,7.873717450563044,34.2335541328828,CA
CA_2__HOBBIES,CA_2,HOBBIES,HOBBIES,2016-04-08,19.0,19.00546012134402,lightgbm,-0.005460121344018631,0.005460121344018631,0.028737480757992796,CA
CA_2__HOBBIES,CA_2,HOBBIES,HOBBIES,2016-04-09,20.0,22.818756076251177,lightgbm,-2.8187560762511765,2.8187560762511765,14.093780381255883,CA
CA_2__HOBBIES,CA_2,HOBBIES,HOBBIES,2016-04-10,37.0,23.137345471297834,lightgbm,13.862654528702166,13.862654528702166,37.46663386135721,CA
CA_2__HOBBIES,CA_2,HOBBIES,HOBBIES,2016-04-11,19.0,16.68516930515896,lightgbm,2.3148306948410386,2.3148306948410386,12.183319446531781,CA
CA_2__HOBBIES,CA_2,HOBBIES,HOBBIES,2016-04-12,24.0,15.53128251648273,lightgbm,8.46871748351727,8.46871748351727,35.28632284798863,CA
CA_2__HOBBIES,CA_2,HOBBIES,HOBBIES,2016-04-13,13.0,16.317589533981742,lightgbm,-3.3175895339817423,3.3175895339817423,25.519919492167247,CA
CA_2__HOBBIES,CA_2,HOBBIES,HOBBIES,2016-04-14,14.0,17.088738649274546,lightgbm,-3.0887386492745463,3.0887386492745463,22.062418923389618,CA
CA_2__HOBBIES,CA_2,HOBBIES,HOBBIES,2016-04-15,24.0,18.99829878031208,lightgbm,5.00170121968792,5.00170121968792,20.84042174869967,CA
CA_2__HOBBIES,CA_2,HOBBIES,HOBBIES,2016-04-16,35.0,22.399832939493205,lightgbm,12.600167060506795,12.600167060506795,36.0004773157337,CA
CA_2__HOBBIES,CA_2,HOBBIES,HOBBIES,2016-04-17,24.0,24.477162076063667,lightgbm,-0.47716207606366723,0.47716207606366723,1.9881753169319467,CA
CA_2__HOBBIES,CA_2,HOBBIES,HOBBIES,2016-04-18,19.0,17.384746465089055,lightgbm,1.615253534910945,1.615253534910945,8.501334394268131,CA
CA_2__HOBBIES,CA_2,HOBBIES,HOBBIES,2016-04-19,13.0,16.559089026890593,lightgbm,-3.559089026890593,3.559089026890593,27.377607899158406,CA
CA_2__HOBBIES,CA_2,HOBBIES,HOBBIES,2016-04-20,20.0,16.983432562945495,lightgbm,3.016567437054505,3.016567437054505,15.082837185272524,CA
CA_2__HOBBIES,CA_2,HOBBIES,HOBBIES,2016-04-21,11.0,17.269697442940178,lightgbm,-6.269697442940178,6.269697442940178,56.997249481274345,CA
CA_2__HOBBIES,CA_2,HOBBIES,HOBBIES,2016-04-22,25.0,19.113384979362003,lightgbm,5.886615020637997,5.886615020637997,23.546460082551988,CA
CA_2__HOBBIES,CA_2,HOBBIES,HOBBIES,2016-04-23,26.0,25.610619338528316,lightgbm,0.3893806614716837,0.3893806614716837,1.4976179287372449,CA
CA_2__HOBBIES,CA_2,HOBBIES,HOBBIES,2016-04-24,17.0,24.267856033114175,lightgbm,-7.267856033114175,7.267856033114175,42.75209431243632,CA
CA_2__HOUSEHOLD,CA_2,HOUSEHOLD,HOUSEHOLD,2016-03-28,22.0,19.145530653645697,lightgbm,2.8544693463543034,2.8544693463543034,12.974860665246835,CA
CA_2__HOUSEHOLD,CA_2,HOUSEHOLD,HOUSEHOLD,2016-03-29,20.0,16.16451790027551,lightgbm,3.8354820997244907,3.8354820997244907,19.177410498622454,CA
CA_2__HOUSEHOLD,CA_2,HOUSEHOLD,HOUSEHOLD,2016-03-30,28.0,16.320933973593696,lightgbm,11.679066026406304,11.679066026406304,41.710950094308224,CA
CA_2__HOUSEHOLD,CA_2,HOUSEHOLD,HOUSEHOLD,2016-03-31,24.0,18.164561595106186,lightgbm,5.835438404893814,5.835438404893814,24.314326687057562,CA
CA_2__HOUSEHOLD,CA_2,HOUSEHOLD,HOUSEHOLD,2016-04-01,24.0,21.2904440211806,lightgbm,2.709555978819399,2.709555978819399,11.289816578414163,CA
CA_2__HOUSEHOLD,CA_2,HOUSEHOLD,HOUSEHOLD,2016-04-02,38.0,25.30140311067348,lightgbm,12.69859688932652,12.69859688932652,33.417360235069786,CA
CA_2__HOUSEHOLD,CA_2,HOUSEHOLD,HOUSEHOLD,2016-04-03,45.4478,28.22924015684833,lightgbm,17.21855984315167,17.21855984315167,37.88645400470797,CA
CA_2__HOUSEHOLD,CA_2,HOUSEHOLD,HOUSEHOLD,2016-04-04,28.4478,21.77112958699429,lightgbm,6.676670413005709,6.676670413005709,23.4699007058743,CA
CA_2__HOUSEHOLD,CA_2,HOUSEHOLD,HOUSEHOLD,2016-04-05,24.0,20.062751832466947,lightgbm,3.9372481675330526,3.9372481675330526,16.405200698054387,CA
CA_2__HOUSEHOLD,CA_2,HOUSEHOLD,HOUSEHOLD,2016-04-06,19.0,20.67995373004344,lightgbm,-1.6799537300434402,1.6799537300434402,8.841861737070737,CA
CA_2__HOUSEHOLD,CA_2,HOUSEHOLD,HOUSEHOLD,2016-04-07,15.0,19.235787327567923,lightgbm,-4.235787327567923,4.235787327567923,28.238582183786153,CA
CA_2__HOUSEHOLD,CA_2,HOUSEHOLD,HOUSEHOLD,2016-04-08,19.0,21.66453785942726,lightgbm,-2.6645378594272593,2.6645378594272593,14.023883470669784,CA
CA_2__HOUSEHOLD,CA_2,HOUSEHOLD,HOUSEHOLD,2016-04-09,37.0,27.72933821257894,lightgbm,9.270661787421059,9.270661787421059,25.055842668705562,CA
CA_2__HOUSEHOLD,CA_2,HOUSEHOLD,HOUSEHOLD,2016-04-10,24.0,30.105093444884897,lightgbm,-6.105093444884897,6.105093444884897,25.43788935368707,CA
CA_2__HOUSEHOLD,CA_2,HOUSEHOLD,HOUSEHOLD,2016-04-11,16.0,19.957173103007825,lightgbm,-3.9571731030078254,3.9571731030078254,24.732331893798907,CA
CA_2__HOUSEHOLD,CA_2,HOUSEHOLD,HOUSEHOLD,2016-04-12,9.0,17.881639517992557,lightgbm,-8.881639517992557,8.881639517992557,98.68488353325063,CA
CA_2__HOUSEHOLD,CA_2,HOUSEHOLD,HOUSEHOLD,2016-04-13,13.0,16.925338399012414,lightgbm,-3.925338399012414,3.925338399012414,30.194910761633952,CA
CA_2__HOUSEHOLD,CA_2,HOUSEHOLD,HOUSEHOLD,2016-04-14,10.0,17.634871291002867,lightgbm,-7.634871291002867,7.634871291002867,76.34871291002867,CA
CA_2__HOUSEHOLD,CA_2,HOUSEHOLD,HOUSEHOLD,2016-04-15,12.0,17.70709799024123,lightgbm,-5.70709799024123,5.70709799024123,47.559149918676916,CA
CA_2__HOUSEHOLD,CA_2,HOUSEHOLD,HOUSEHOLD,2016-04-16,17.0,23.76228719606578,lightgbm,-6.762287196065781,6.762287196065781,39.77815997685754,CA
CA_2__HOUSEHOLD,CA_2,HOUSEHOLD,HOUSEHOLD,2016-04-17,25.0,21.98428654375205,lightgbm,3.0157134562479513,3.0157134562479513,12.062853824991805,CA
CA_2__HOUSEHOLD,CA_2,HOUSEHOLD,HOUSEHOLD,2016-04-18,7.0,18.01977434517968,lightgbm,-11.01977434517968,11.01977434517968,157.42534778828116,CA
CA_2__HOUSEHOLD,CA_2,HOUSEHOLD,HOUSEHOLD,2016-04-19,9.0,13.926543476791643,lightgbm,-4.926543476791643,4.926543476791643,54.73937196435159,CA
CA_2__HOUSEHOLD,CA_2,HOUSEHOLD,HOUSEHOLD,2016-04-20,10.0,13.478344196265626,lightgbm,-3.478344196265626,3.478344196265626,34.783441962656255,CA
CA_2__HOUSEHOLD,CA_2,HOUSEHOLD,HOUSEHOLD,2016-04-21,10.0,13.4248056755374,lightgbm,-3.4248056755373995,3.4248056755373995,34.248056755373995,CA
CA_2__HOUSEHOLD,CA_2,HOUSEHOLD,HOUSEHOLD,2016-04-22,14.0,15.911161695212265,lightgbm,-1.9111616952122645,1.9111616952122645,13.65115496580189,CA
CA_2__HOUSEHOLD,CA_2,HOUSEHOLD,HOUSEHOLD,2016-04-23,26.0,21.279863998743775,lightgbm,4.7201360012562255,4.7201360012562255,18.154369235600868,CA
CA_2__HOUSEHOLD,CA_2,HOUSEHOLD,HOUSEHOLD,2016-04-24,29.0,22.15285615980127,lightgbm,6.847143840198729,6.847143840198729,23.610840828271478,CA
CA_3__FOODS,CA_3,FOODS,FOODS,2016-03-28,29.0,33.6167692700525,lightgbm,-4.616769270052501,4.616769270052501,15.919894034663795,CA
CA_3__FOODS,CA_3,FOODS,FOODS,2016-03-29,30.0,30.78188872350442,lightgbm,-0.7818887235044194,0.7818887235044194,2.6062957450147315,CA
CA_3__FOODS,CA_3,FOODS,FOODS,2016-03-30,36.0,31.17259417651996,lightgbm,4.8274058234800385,4.8274058234800385,13.409460620777885,CA
CA_3__FOODS,CA_3,FOODS,FOODS,2016-03-31,42.0,37.61171250088185,lightgbm,4.3882874991181495,4.3882874991181495,10.448303569328928,CA
CA_3__FOODS,CA_3,FOODS,FOODS,2016-04-01,41.0,39.61985810093571,lightgbm,1.3801418990642915,1.3801418990642915,3.366199753815345,CA
CA_3__FOODS,CA_3,FOODS,FOODS,2016-04-02,22.0,43.00371573800698,lightgbm,-21.00371573800698,21.00371573800698,95.47143517275902,CA
CA_3__FOODS,CA_3,FOODS,FOODS,2016-04-03,43.0,38.47147561283849,lightgbm,4.528524387161511,4.528524387161511,10.531452063166304,CA
CA_3__FOODS,CA_3,FOODS,FOODS,2016-04-04,52.0,38.41737175338321,lightgbm,13.582628246616792,13.582628246616792,26.120438935801527,CA
CA_3__FOODS,CA_3,FOODS,FOODS,2016-04-05,43.0,38.07064070354255,lightgbm,4.929359296457449,4.929359296457449,11.463626270831275,CA
CA_3__FOODS,CA_3,FOODS,FOODS,2016-04-06,36.0,37.238587636609125,lightgbm,-1.2385876366091253,1.2385876366091253,3.4405212128031257,CA
CA_3__FOODS,CA_3,FOODS,FOODS,2016-04-07,37.0,37.75494492122336,lightgbm,-0.7549449212233625,0.7549449212233625,2.040391678982061,CA
CA_3__FOODS,CA_3,FOODS,FOODS,2016-04-08,35.0,40.2832421630373,lightgbm,-5.2832421630373005,5.2832421630373005,15.094977608678,CA
CA_3__FOODS,CA_3,FOODS,FOODS,2016-04-09,43.0,44.55533715001016,lightgbm,-1.5553371500101605,1.5553371500101605,3.617063139558513,CA
CA_3__FOODS,CA_3,FOODS,FOODS,2016-04-10,40.0,46.01532048570545,lightgbm,-6.015320485705452,6.015320485705452,15.03830121426363,CA
CA_3__FOODS,CA_3,FOODS,FOODS,2016-04-11,35.0,37.53368787252351,lightgbm,-2.533687872523508,2.533687872523508,7.239108207210024,CA
CA_3__FOODS,CA_3,FOODS,FOODS,2016-04-12,26.0,33.71037524452263,lightgbm,-7.710375244522631,7.710375244522631,29.655289402010116,CA
CA_3__FOODS,CA_3,FOODS,FOODS,2016-04-13,18.0,30.43122870221966,lightgbm,-12.43122870221966,12.43122870221966,69.06238167899811,CA
CA_3__FOODS,CA_3,FOODS,FOODS,2016-04-14,31.0,29.38476420218329,lightgbm,1.615235797816709,1.615235797816709,5.2104380574732545,CA
CA_3__FOODS,CA_3,FOODS,FOODS,2016-04-15,34.0,34.72692152953785,lightgbm,-0.7269215295378473,0.7269215295378473,2.1380044986407274,CA
CA_3__FOODS,CA_3,FOODS,FOODS,2016-04-16,36.0,37.56804302430008,lightgbm,-1.5680430243000814,1.5680430243000814,4.3556750675002265,CA
CA_3__FOODS,CA_3,FOODS,FOODS,2016-04-17,42.0,40.13972487768316,lightgbm,1.8602751223168426,1.8602751223168426,4.429226481706769,CA
CA_3__FOODS,CA_3,FOODS,FOODS,2016-04-18,45.0,34.179656386504526,lightgbm,10.820343613495474,10.820343613495474,24.045208029989944,CA
CA_3__FOODS,CA_3,FOODS,FOODS,2016-04-19,24.0,30.46899450953994,lightgbm,-6.4689945095399395,6.4689945095399395,26.954143789749747,CA
CA_3__FOODS,CA_3,FOODS,FOODS,2016-04-20,53.0,28.72963540658392,lightgbm,24.27036459341608,24.27036459341608,45.79314074229449,CA
CA_3__FOODS,CA_3,FOODS,FOODS,2016-04-21,51.0,34.73994398344808,lightgbm,16.26005601655192,16.26005601655192,31.88246277755279,CA
CA_3__FOODS,CA_3,FOODS,FOODS,2016-04-22,59.0,40.7643429909607,lightgbm,18.2356570090393,18.2356570090393,30.907893235659834,CA
CA_3__FOODS,CA_3,FOODS,FOODS,2016-04-23,61.0,48.76156153914936,lightgbm,12.238438460850638,12.238438460850638,20.063013870246948,CA
CA_3__FOODS,CA_3,FOODS,FOODS,2016-04-24,77.0,50.57920041322295,lightgbm,26.42079958677705,26.42079958677705,34.31272673607409,CA
CA_3__HOBBIES,CA_3,HOBBIES,HOBBIES,2016-03-28,24.0,28.689467148273074,lightgbm,-4.689467148273074,4.689467148273074,19.53944645113781,CA
CA_3__HOBBIES,CA_3,HOBBIES,HOBBIES,2016-03-29,23.0,28.32975938004448,lightgbm,-5.329759380044479,5.329759380044479,23.172866869758604,CA
CA_3__HOBBIES,CA_3,HOBBIES,HOBBIES,2016-03-30,27.0,28.52840193380915,lightgbm,-1.5284019338091497,1.5284019338091497,5.660747902996851,CA
CA_3__HOBBIES,CA_3,HOBBIES,HOBBIES,2016-03-31,26.0,29.60611186401361,lightgbm,-3.6061118640136094,3.6061118640136094,13.869661015436959,CA
CA_3__HOBBIES,CA_3,HOBBIES,HOBBIES,2016-04-01,53.0,39.23237737767331,lightgbm,13.76762262232669,13.76762262232669,25.97664645722017,CA
CA_3__HOBBIES,CA_3,HOBBIES,HOBBIES,2016-04-02,20.0,35.75339445834534,lightgbm,-15.75339445834534,15.75339445834534,78.7669722917267,CA
CA_3__HOBBIES,CA_3,HOBBIES,HOBBIES,2016-04-03,25.0,33.55234742500503,lightgbm,-8.552347425005031,8.552347425005031,34.209389700020125,CA
CA_3__HOBBIES,CA_3,HOBBIES,HOBBIES,2016-04-04,16.0,28.792133423225216,lightgbm,-12.792133423225216,12.792133423225216,79.9508338951576,CA
CA_3__HOBBIES,CA_3,HOBBIES,HOBBIES,2016-04-05,19.0,27.99840388539097,lightgbm,-8.998403885390971,8.998403885390971,47.36002044942616,CA
CA_3__HOBBIES,CA_3,HOBBIES,HOBBIES,2016-04-06,34.0,27.14618255514804,lightgbm,6.853817444851959,6.853817444851959,20.15828660250576,CA
CA_3__HOBBIES,CA_3,HOBBIES,HOBBIES,2016-04-07,40.0,27.5863371679113,lightgbm,12.4136628320887,12.4136628320887,31.034157080221753,CA
CA_3__HOBBIES,CA_3,HOBBIES,HOBBIES,2016-04-08,46.0,30.849426469701484,lightgbm,15.150573530298516,15.150573530298516,32.936029413692424,CA
CA_3__HOBBIES,CA_3,HOBBIES,HOBBIES,2016-04-09,28.0,30.110601356038384,lightgbm,-2.1106013560383836,2.1106013560383836,7.53786198585137,CA
CA_3__HOBBIES,CA_3,HOBBIES,HOBBIES,2016-04-10,27.0,33.22537293759366,lightgbm,-6.2253729375936615,6.2253729375936615,23.05693680590245,CA
CA_3__HOBBIES,CA_3,HOBBIES,HOBBIES,2016-04-11,35.0,27.19232364626061,lightgbm,7.807676353739389,7.807676353739389,22.307646724969683,CA
CA_3__HOBBIES,CA_3,HOBBIES,HOBBIES,2016-04-12,58.0,27.20925980629856,lightgbm,30.79074019370144,30.79074019370144,53.087483092588684,CA
CA_3__HOBBIES,CA_3,HOBBIES,HOBBIES,2016-04-13,21.0,25.65566559920937,lightgbm,-4.655665599209371,4.655665599209371,22.16983618671129,CA
CA_3__HOBBIES,CA_3,HOBBIES,HOBBIES,2016-04-14,29.0,27.27530965548258,lightgbm,1.7246903445174198,1.7246903445174198,5.947208084542827,CA
CA_3__HOBBIES,CA_3,HOBBIES,HOBBIES,2016-04-15,20.0,30.04501007409629,lightgbm,-10.04501007409629,10.04501007409629,50.22505037048145,CA
CA_3__HOBBIES,CA_3,HOBBIES,HOBBIES,2016-04-16,36.0,31.53643925110528,lightgbm,4.4635607488947215,4.4635607488947215,12.398779858040893,CA
CA_3__HOBBIES,CA_3,HOBBIES,HOBBIES,2016-04-17,43.0,31.68313574260627,lightgbm,11.316864257393728,11.316864257393728,26.318288970683092,CA
CA_3__HOBBIES,CA_3,HOBBIES,HOBBIES,2016-04-18,54.0,26.661300837787586,lightgbm,27.338699162212414,27.338699162212414,50.62722067076373,CA
CA_3__HOBBIES,CA_3,HOBBIES,HOBBIES,2016-04-19,17.0,27.864385957047965,lightgbm,-10.864385957047965,10.864385957047965,63.90815268851744,CA
CA_3__HOBBIES,CA_3,HOBBIES,HOBBIES,2016-04-20,14.0,27.9450258620425,lightgbm,-13.945025862042499,13.945025862042499,99.60732758601785,CA
CA_3__HOBBIES,CA_3,HOBBIES,HOBBIES,2016-04-21,31.0,28.31696702761513,lightgbm,2.6830329723848685,2.6830329723848685,8.654945072209253,CA
CA_3__HOBBIES,CA_3,HOBBIES,HOBBIES,2016-04-22,17.0,30.733133685867816,lightgbm,-13.733133685867816,13.733133685867816,80.7831393286342,CA
CA_3__HOBBIES,CA_3,HOBBIES,HOBBIES,2016-04-23,59.0,29.935374594365115,lightgbm,29.064625405634885,29.064625405634885,49.26207695870319,CA
CA_3__HOBBIES,CA_3,HOBBIES,HOBBIES,2016-04-24,26.4478,33.93856829004648,lightgbm,-7.490768290046482,7.490768290046482,28.322840803569605,CA
CA_3__HOUSEHOLD,CA_3,HOUSEHOLD,HOUSEHOLD,2016-03-28,25.0,30.629247385733077,lightgbm,-5.629247385733077,5.629247385733077,22.516989542932308,CA
CA_3__HOUSEHOLD,CA_3,HOUSEHOLD,HOUSEHOLD,2016-03-29,18.0,28.33167902395009,lightgbm,-10.331679023950091,10.331679023950091,57.398216799722725,CA
CA_3__HOUSEHOLD,CA_3,HOUSEHOLD,HOUSEHOLD,2016-03-30,31.0,27.143963118421468,lightgbm,3.8560368815785324,3.8560368815785324,12.438828650253331,CA
CA_3__HOUSEHOLD,CA_3,HOUSEHOLD,HOUSEHOLD,2016-03-31,30.0,32.796799612032274,lightgbm,-2.796799612032274,2.796799612032274,9.322665373440913,CA
CA_3__HOUSEHOLD,CA_3,HOUSEHOLD,HOUSEHOLD,2016-04-01,53.0,36.81071716989497,lightgbm,16.18928283010503,16.18928283010503,30.545816660575525,CA
CA_3__HOUSEHOLD,CA_3,HOUSEHOLD,HOUSEHOLD,2016-04-02,45.0,45.12363073849372,lightgbm,-0.12363073849372341,0.12363073849372341,0.2747349744304965,CA
CA_3__HOUSEHOLD,CA_3,HOUSEHOLD,HOUSEHOLD,2016-04-03,35.0,47.18711317418738,lightgbm,-12.187113174187381,12.187113174187381,34.820323354821085,CA
CA_3__HOUSEHOLD,CA_3,HOUSEHOLD,HOUSEHOLD,2016-04-04,27.0,35.72842334310737,lightgbm,-8.728423343107373,8.728423343107373,32.32749386336064,CA
CA_3__HOUSEHOLD,CA_3,HOUSEHOLD,HOUSEHOLD,2016-04-05,36.0,31.881084855408083,lightgbm,4.1189151445919165,4.1189151445919165,11.441430957199767,CA
CA_3__HOUSEHOLD,CA_3,HOUSEHOLD,HOUSEHOLD,2016-04-06,15.0,33.50573760588081,lightgbm,-18.50573760588081,18.50573760588081,123.3715840392054,CA
CA_3__HOUSEHOLD,CA_3,HOUSEHOLD,HOUSEHOLD,2016-04-07,25.0,28.07696246622904,lightgbm,-3.076962466229041,3.076962466229041,12.307849864916165,CA
CA_3__HOUSEHOLD,CA_3,HOUSEHOLD,HOUSEHOLD,2016-04-08,23.0,32.94993669557755,lightgbm,-9.949936695577549,9.949936695577549,43.26059432859804,CA
CA_3__HOUSEHOLD,CA_3,HOUSEHOLD,HOUSEHOLD,2016-04-09,44.0,39.15937759879186,lightgbm,4.840622401208137,4.840622401208137,11.00141454820031,CA
CA_3__HOUSEHOLD,CA_3,HOUSEHOLD,HOUSEHOLD,2016-04-10,48.0,36.3102675608536,lightgbm,11.689732439146397,11.689732439146397,24.353609248221662,CA
CA_3__HOUSEHOLD,CA_3,HOUSEHOLD,HOUSEHOLD,2016-04-11,31.0,31.784460203401068,lightgbm,-0.7844602034010677,0.7844602034010677,2.5305167851647346,CA
CA_3__HOUSEHOLD,CA_3,HOUSEHOLD,HOUSEHOLD,2016-04-12,32.0,30.54658271769484,lightgbm,1.4534172823051605,1.4534172823051605,4.541929007203627,CA
CA_3__HOUSEHOLD,CA_3,HOUSEHOLD,HOUSEHOLD,2016-04-13,31.0,30.062795649094973,lightgbm,0.9372043509050272,0.9372043509050272,3.02323984162912,CA
CA_3__HOUSEHOLD,CA_3,HOUSEHOLD,HOUSEHOLD,2016-04-14,32.0,29.549530178223293,lightgbm,2.450469821776707,2.450469821776707,7.65771819305221,CA
CA_3__HOUSEHOLD,CA_3,HOUSEHOLD,HOUSEHOLD,2016-04-15,23.0,34.118801787675714,lightgbm,-11.118801787675714,11.118801787675714,48.34261646815528,CA
CA_3__HOUSEHOLD,CA_3,HOUSEHOLD,HOUSEHOLD,2016-04-16,40.0,37.79828216785969,lightgbm,2.201717832140311,2.201717832140311,5.504294580350777,CA
CA_3__HOUSEHOLD,CA_3,HOUSEHOLD,HOUSEHOLD,2016-04-17,32.0,39.3462520979313,lightgbm,-7.346252097931298,7.346252097931298,22.95703780603531,CA
CA_3__HOUSEHOLD,CA_3,HOUSEHOLD,HOUSEHOLD,2016-04-18,21.0,30.598478656810816,lightgbm,-9.598478656810816,9.598478656810816,45.70704122290864,CA
CA_3__HOUSEHOLD,CA_3,HOUSEHOLD,HOUSEHOLD,2016-04-19,30.0,26.90043067603716,lightgbm,3.0995693239628395,3.0995693239628395,10.331897746542799,CA
CA_3__HOUSEHOLD,CA_3,HOUSEHOLD,HOUSEHOLD,2016-04-20,18.0,27.18445887454125,lightgbm,-9.18445887454125,9.18445887454125,51.02477152522916,CA
CA_3__HOUSEHOLD,CA_3,HOUSEHOLD,HOUSEHOLD,2016-04-21,31.0,25.142891656968963,lightgbm,5.857108343031037,5.857108343031037,18.893897880745282,CA
CA_3__HOUSEHOLD,CA_3,HOUSEHOLD,HOUSEHOLD,2016-04-22,20.0,31.006604014369305,lightgbm,-11.006604014369305,11.006604014369305,55.03302007184653,CA
CA_3__HOUSEHOLD,CA_3,HOUSEHOLD,HOUSEHOLD,2016-04-23,35.0,33.022604423201,lightgbm,1.9773955767989975,1.9773955767989975,5.649701647997136,CA
CA_3__HOUSEHOLD,CA_3,HOUSEHOLD,HOUSEHOLD,2016-04-24,28.0,34.25159464044207,lightgbm,-6.251594640442072,6.251594640442072,22.32712371586454,CA
TX_1__FOODS,TX_1,FOODS,FOODS,2016-03-28,17.0,18.64619085098069,lightgbm,-1.646190850980691,1.646190850980691,9.683475594004065,TX
TX_1__FOODS,TX_1,FOODS,FOODS,2016-03-29,14.0,17.293166317228664,lightgbm,-3.293166317228664,3.293166317228664,23.522616551633316,TX
TX_1__FOODS,TX_1,FOODS,FOODS,2016-03-30,13.0,16.740610843052014,lightgbm,-3.740610843052014,3.740610843052014,28.773929561938573,TX
TX_1__FOODS,TX_1,FOODS,FOODS,2016-03-31,12.0,17.34499040129793,lightgbm,-5.344990401297931,5.344990401297931,44.541586677482755,TX
TX_1__FOODS,TX_1,FOODS,FOODS,2016-04-01,29.0,19.15113545723589,lightgbm,9.848864542764112,9.848864542764112,33.96160187160039,TX
TX_1__FOODS,TX_1,FOODS,FOODS,2016-04-02,23.0,24.22748160772496,lightgbm,-1.227481607724961,1.227481607724961,5.336876555325918,TX
TX_1__FOODS,TX_1,FOODS,FOODS,2016-04-03,18.0,24.155493165005986,lightgbm,-6.155493165005986,6.155493165005986,34.19718425003325,TX
TX_1__FOODS,TX_1,FOODS,FOODS,2016-04-04,16.0,17.66298435715222,lightgbm,-1.6629843571522187,1.6629843571522187,10.393652232201367,TX
TX_1__FOODS,TX_1,FOODS,FOODS,2016-04-05,11.0,17.1771203484161,lightgbm,-6.1771203484161,6.1771203484161,56.155639531055456,TX
TX_1__FOODS,TX_1,FOODS,FOODS,2016-04-06,23.0,16.816290022483372,lightgbm,6.183709977516628,6.183709977516628,26.88569555442012,TX
TX_1__FOODS,TX_1,FOODS,FOODS,2016-04-07,20.0,20.15251287400672,lightgbm,-0.15251287400672098,0.15251287400672098,0.7625643700336049,TX
TX_1__FOODS,TX_1,FOODS,FOODS,2016-04-08,12.0,20.525345826922237,lightgbm,-8.525345826922237,8.525345826922237,71.0445485576853,TX
TX_1__FOODS,TX_1,FOODS,FOODS,2016-04-09,23.0,20.93671180422544,lightgbm,2.063288195774561,2.063288195774561,8.97081824249809,TX
TX_1__FOODS,TX_1,FOODS,FOODS,2016-04-10,20.0,23.11469573683932,lightgbm,-3.1146957368393196,3.1146957368393196,15.573478684196598,TX
TX_1__FOODS,TX_1,FOODS,FOODS,2016-04-11,13.0,18.53722521578358,lightgbm,-5.537225215783579,5.537225215783579,42.59404012141215,TX
TX_1__FOODS,TX_1,FOODS,FOODS,2016-04-12,11.0,16.531989326852056,lightgbm,-5.531989326852056,5.531989326852056,50.290812062291415,TX
TX_1__FOODS,TX_1,FOODS,FOODS,2016-04-13,20.0,15.335790664345948,lightgbm,4.664209335654052,4.664209335654052,23.321046678270257,TX
TX_1__FOODS,TX_1,FOODS,FOODS,2016-04-14,11.0,18.29236733346217,lightgbm,-7.29236733346217,7.29236733346217,66.29424848601974,TX
TX_1__FOODS,TX_1,FOODS,FOODS,2016-04-15,19.0,17.715205192989043,lightgbm,1.2847948070109574,1.2847948070109574,6.762077931636617,TX
TX_1__FOODS,TX_1,FOODS,FOODS,2016-04-16,20.0,20.10181585161803,lightgbm,-0.10181585161803142,0.10181585161803142,0.5090792580901571,TX
TX_1__FOODS,TX_1,FOODS,FOODS,2016-04-17,18.0,19.61980559240561,lightgbm,-1.6198055924056085,1.6198055924056085,8.998919957808935,TX
TX_1__FOODS,TX_1,FOODS,FOODS,2016-04-18,27.0,14.950862468659516,lightgbm,12.049137531340484,12.049137531340484,44.626435301261054,TX
TX_1__FOODS,TX_1,FOODS,FOODS,2016-04-19,6.0,17.143335240752148,lightgbm,-11.143335240752148,11.143335240752148,185.72225401253579,TX
TX_1__FOODS,TX_1,FOODS,FOODS,2016-04-20,40.0,15.06524771776926,lightgbm,24.93475228223074,24.93475228223074,62.336880705576846,TX
TX_1__FOODS,TX_1,FOODS,FOODS,2016-04-21,31.0,20.05411864698956,lightgbm,10.945881353010439,10.945881353010439,35.309294687130446,TX
TX_1__FOODS,TX_1,FOODS,FOODS,2016-04-22,34.0,21.59511662518292,lightgbm,12.404883374817079,12.404883374817079,36.48495110240317,TX
TX_1__FOODS,TX_1,FOODS,FOODS,2016-04-23,31.0,25.171451841639,lightgbm,5.828548158360999,5.828548158360999,18.801768252777414,TX
TX_1__FOODS,TX_1,FOODS,FOODS,2016-04-24,39.4478,25.702628517785705,lightgbm,13.745171482214296,13.745171482214296,34.843949427380736,TX
TX_1__HOBBIES,TX_1,HOBBIES,HOBBIES,2016-03-28,8.0,9.959778892989885,lightgbm,-1.9597788929898847,1.9597788929898847,24.49723616237356,TX
TX_1__HOBBIES,TX_1,HOBBIES,HOBBIES,2016-03-29,5.0,10.087745364623023,lightgbm,-5.087745364623023,5.087745364623023,101.75490729246046,TX
TX_1__HOBBIES,TX_1,HOBBIES,HOBBIES,2016-03-30,6.0,9.504803210465074,lightgbm,-3.5048032104650737,3.5048032104650737,58.41338684108456,TX
TX_1__HOBBIES,TX_1,HOBBIES,HOBBIES,2016-03-31,1.0,8.977256742484926,lightgbm,-7.977256742484926,7.977256742484926,797.7256742484926,TX
TX_1__HOBBIES,TX_1,HOBBIES,HOBBIES,2016-04-01,9.0,10.191540591540724,lightgbm,-1.1915405915407238,1.1915405915407238,13.239339906008041,TX
TX_1__HOBBIES,TX_1,HOBBIES,HOBBIES,2016-04-02,17.8956,13.742288412208609,lightgbm,4.153311587791393,4.153311587791393,23.208562930504666,TX
TX_1__HOBBIES,TX_1,HOBBIES,HOBBIES,2016-04-03,26.0,14.858453008968896,lightgbm,11.141546991031104,11.141546991031104,42.8521038116581,TX
TX_1__HOBBIES,TX_1,HOBBIES,HOBBIES,2016-04-04,9.0,9.863438287570686,lightgbm,-0.8634382875706859,0.8634382875706859,9.5937587507854,TX
TX_1__HOBBIES,TX_1,HOBBIES,HOBBIES,2016-04-05,3.0,9.713181516376636,lightgbm,-6.713181516376636,6.713181516376636,223.77271721255454,TX
TX_1__HOBBIES,TX_1,HOBBIES,HOBBIES,2016-04-06,15.4478,9.515030296690496,lightgbm,5.932769703309505,5.932769703309505,38.40527261687428,TX
TX_1__HOBBIES,TX_1,HOBBIES,HOBBIES,2016-04-07,4.0,10.543043778996264,lightgbm,-6.543043778996264,6.543043778996264,163.5760944749066,TX
TX_1__HOBBIES,TX_1,HOBBIES,HOBBIES,2016-04-08,9.0,10.618100633371716,lightgbm,-1.618100633371716,1.618100633371716,17.9788959263524,TX
TX_1__HOBBIES,TX_1,HOBBIES,HOBBIES,2016-04-09,30.0,13.694504300048877,lightgbm,16.305495699951123,16.305495699951123,54.35165233317041,TX
TX_1__HOBBIES,TX_1,HOBBIES,HOBBIES,2016-04-10,9.0,14.739077655934349,lightgbm,-5.739077655934349,5.739077655934349,63.76752951038165,TX
TX_1__HOBBIES,TX_1,HOBBIES,HOBBIES,2016-04-11,12.0,9.80340788725527,lightgbm,2.19659211274473,2.19659211274473,18.30493427287275,TX
TX_1__HOBBIES,TX_1,HOBBIES,HOBBIES,2016-04-12,8.0,10.458422882278306,lightgbm,-2.458422882278306,2.458422882278306,30.730286028478826,TX
TX_1__HOBBIES,TX_1,HOBBIES,HOBBIES,2016-04-13,8.0,10.443651440017414,lightgbm,-2.4436514400174136,2.4436514400174136,30.54564300021767,TX
TX_1__HOBBIES,TX_1,HOBBIES,HOBBIES,2016-04-14,12.0,9.73075346034617,lightgbm,2.26924653965383,2.26924653965383,18.910387830448585,TX
TX_1__HOBBIES,TX_1,HOBBIES,HOBBIES,2016-04-15,9.0,12.82899706378619,lightgbm,-3.82899706378619,3.82899706378619,42.54441181984656,TX
TX_1__HOBBIES,TX_1,HOBBIES,HOBBIES,2016-04-16,7.0,14.168414129780995,lightgbm,-7.168414129780995,7.168414129780995,102.40591613972849,TX
TX_1__HOBBIES,TX_1,HOBBIES,HOBBIES,2016-04-17,31.0,13.33859933639119,lightgbm,17.66140066360881,17.66140066360881,56.972260205189706,TX
TX_1__HOBBIES,TX_1,HOBBIES,HOBBIES,2016-04-18,9.0,10.316864932568246,lightgbm,-1.3168649325682455,1.3168649325682455,14.631832584091617,TX
TX_1__HOBBIES,TX_1,HOBBIES,HOBBIES,2016-04-19,10.0,10.021955765773551,lightgbm,-0.021955765773551406,0.021955765773551406,0.21955765773551406,TX
TX_1__HOBBIES,TX_1,HOBBIES,HOBBIES,2016-04-20,8.0,11.070465181050183,lightgbm,-3.0704651810501833,3.0704651810501833,38.38081476312729,TX
TX_1__HOBBIES,TX_1,HOBBIES,HOBBIES,2016-04-21,5.0,10.307716840988688,lightgbm,-5.307716840988688,5.307716840988688,106.15433681977376,TX
TX_1__HOBBIES,TX_1,HOBBIES,HOBBIES,2016-04-22,13.0,10.87039471424422,lightgbm,2.1296052857557797,2.1296052857557797,16.381579121198307,TX
TX_1__HOBBIES,TX_1,HOBBIES,HOBBIES,2016-04-23,14.0,13.985716935718932,lightgbm,0.014283064281068292,0.014283064281068292,0.10202188772191637,TX
TX_1__HOBBIES,TX_1,HOBBIES,HOBBIES,2016-04-24,10.0,14.63207884852241,lightgbm,-4.63207884852241,4.63207884852241,46.3207884852241,TX
TX_1__HOUSEHOLD,TX_1,HOUSEHOLD,HOUSEHOLD,2016-03-28,16.4478,10.14752843670905,lightgbm,6.30027156329095,6.30027156329095,38.30464599089817,TX
TX_1__HOUSEHOLD,TX_1,HOUSEHOLD,HOUSEHOLD,2016-03-29,8.0,10.596332881064376,lightgbm,-2.5963328810643755,2.5963328810643755,32.45416101330469,TX
TX_1__HOUSEHOLD,TX_1,HOUSEHOLD,HOUSEHOLD,2016-03-30,3.0,9.229826953983633,lightgbm,-6.229826953983633,6.229826953983633,207.6608984661211,TX
TX_1__HOUSEHOLD,TX_1,HOUSEHOLD,HOUSEHOLD,2016-03-31,16.0,8.323335280905775,lightgbm,7.676664719094225,7.676664719094225,47.97915449433891,TX
TX_1__HOUSEHOLD,TX_1,HOUSEHOLD,HOUSEHOLD,2016-04-01,17.0,12.91021004347098,lightgbm,4.089789956529019,4.089789956529019,24.057587979582465,TX
TX_1__HOUSEHOLD,TX_1,HOUSEHOLD,HOUSEHOLD,2016-04-02,9.0,14.896931167172992,lightgbm,-5.896931167172992,5.896931167172992,65.52145741303325,TX
TX_1__HOUSEHOLD,TX_1,HOUSEHOLD,HOUSEHOLD,2016-04-03,10.0,13.759438478531887,lightgbm,-3.7594384785318873,3.7594384785318873,37.59438478531887,TX
TX_1__HOUSEHOLD,TX_1,HOUSEHOLD,HOUSEHOLD,2016-04-04,6.0,10.009181174095533,lightgbm,-4.0091811740955325,4.0091811740955325,66.81968623492554,TX
TX_1__HOUSEHOLD,TX_1,HOUSEHOLD,HOUSEHOLD,2016-04-05,5.0,9.247702925953142,lightgbm,-4.247702925953142,4.247702925953142,84.95405851906284,TX
TX_1__HOUSEHOLD,TX_1,HOUSEHOLD,HOUSEHOLD,2016-04-06,10.0,8.756974382838926,lightgbm,1.2430256171610736,1.2430256171610736,12.430256171610736,TX
TX_1__HOUSEHOLD,TX_1,HOUSEHOLD,HOUSEHOLD,2016-04-07,12.0,9.6435519330008,lightgbm,2.3564480669991994,2.3564480669991994,19.63706722499333,TX
TX_1__HOUSEHOLD,TX_1,HOUSEHOLD,HOUSEHOLD,2016-04-08,20.0,11.34306636437727,lightgbm,8.65693363562273,8.65693363562273,43.28466817811365,TX
TX_1__HOUSEHOLD,TX_1,HOUSEHOLD,HOUSEHOLD,2016-04-09,10.0,15.152302421323286,lightgbm,-5.152302421323286,5.152302421323286,51.52302421323286,TX
TX_1__HOUSEHOLD,TX_1,HOUSEHOLD,HOUSEHOLD,2016-04-10,11.0,13.40831683851238,lightgbm,-2.4083168385123805,2.4083168385123805,21.893789441021642,TX
TX_1__HOUSEHOLD,TX_1,HOUSEHOLD,HOUSEHOLD,2016-04-11,14.0,10.087723568651317,lightgbm,3.9122764313486833,3.9122764313486833,27.944831652490592,TX
TX_1__HOUSEHOLD,TX_1,HOUSEHOLD,HOUSEHOLD,2016-04-12,13.0,10.327204293344314,lightgbm,2.6727957066556858,2.6727957066556858,20.559966974274506,TX
TX_1__HOUSEHOLD,TX_1,HOUSEHOLD,HOUSEHOLD,2016-04-13,9.0,10.753110604332903,lightgbm,-1.7531106043329032,1.7531106043329032,19.479006714810033,TX
TX_1__HOUSEHOLD,TX_1,HOUSEHOLD,HOUSEHOLD,2016-04-14,10.0,10.177868223773972,lightgbm,-0.17786822377397193,0.17786822377397193,1.7786822377397193,TX
TX_1__HOUSEHOLD,TX_1,HOUSEHOLD,HOUSEHOLD,2016-04-15,7.0,11.809439004390136,lightgbm,-4.809439004390136,4.809439004390136,68.70627149128765,TX
TX_1__HOUSEHOLD,TX_1,HOUSEHOLD,HOUSEHOLD,2016-04-16,11.0,12.554362795088284,lightgbm,-1.5543627950882843,1.5543627950882843,14.13057086443895,TX
TX_1__HOUSEHOLD,TX_1,HOUSEHOLD,HOUSEHOLD,2016-04-17,14.0,13.672234458119338,lightgbm,0.3277655418806624,0.3277655418806624,2.341182442004732,TX
TX_1__HOUSEHOLD,TX_1,HOUSEHOLD,HOUSEHOLD,2016-04-18,11.0,10.185237900073028,lightgbm,0.8147620999269716,0.8147620999269716,7.406928181154288,TX
TX_1__HOUSEHOLD,TX_1,HOUSEHOLD,HOUSEHOLD,2016-04-19,16.0,9.754774986149084,lightgbm,6.245225013850916,6.245225013850916,39.03265633656823,TX
TX_1__HOUSEHOLD,TX_1,HOUSEHOLD,HOUSEHOLD,2016-04-20,21.0,10.722754462152588,lightgbm,10.277245537847412,10.277245537847412,48.939264465940056,TX
TX_1__HOUSEHOLD,TX_1,HOUSEHOLD,HOUSEHOLD,2016-04-21,16.0,11.608527587853208,lightgbm,4.391472412146792,4.391472412146792,27.44670257591745,TX
TX_1__HOUSEHOLD,TX_1,HOUSEHOLD,HOUSEHOLD,2016-04-22,16.0,13.32951697451879,lightgbm,2.670483025481211,2.670483025481211,16.69051890925757,TX
TX_1__HOUSEHOLD,TX_1,HOUSEHOLD,HOUSEHOLD,2016-04-23,22.0,15.57972446185661,lightgbm,6.42027553814339,6.42027553814339,29.183070627924497,TX
TX_1__HOUSEHOLD,TX_1,HOUSEHOLD,HOUSEHOLD,2016-04-24,13.0,17.217922937075105,lightgbm,-4.217922937075105,4.217922937075105,32.44556105442389,TX
TX_2__FOODS,TX_2,FOODS,FOODS,2016-03-28,9.0,18.42015865113472,lightgbm,-9.42015865113472,9.42015865113472,104.66842945705244,TX
TX_2__FOODS,TX_2,FOODS,FOODS,2016-03-29,16.0,16.029439039774665,lightgbm,-0.029439039774665332,0.029439039774665332,0.18399399859165833,TX
TX_2__FOODS,TX_2,FOODS,FOODS,2016-03-30,19.0,17.42064663770096,lightgbm,1.5793533622990417,1.5793533622990417,8.312386117363376,TX
TX_2__FOODS,TX_2,FOODS,FOODS,2016-03-31,31.0,17.499956950742803,lightgbm,13.500043049257197,13.500043049257197,43.548525965345796,TX
TX_2__FOODS,TX_2,FOODS,FOODS,2016-04-01,26.0,23.407883465553905,lightgbm,2.5921165344460952,2.5921165344460952,9.969678978638829,TX
TX_2__FOODS,TX_2,FOODS,FOODS,2016-04-02,11.0,24.519969646929585,lightgbm,-13.519969646929585,13.519969646929585,122.90881497208714,TX
TX_2__FOODS,TX_2,FOODS,FOODS,2016-04-03,28.0,22.261792653474444,lightgbm,5.738207346525556,5.738207346525556,20.4935976661627,TX
TX_2__FOODS,TX_2,FOODS,FOODS,2016-04-04,12.0,19.19633390132983,lightgbm,-7.1963339013298295,7.1963339013298295,59.96944917774858,TX
TX_2__FOODS,TX_2,FOODS,FOODS,2016-04-05,17.0,17.112844097292523,lightgbm,-0.11284409729252332,0.11284409729252332,0.6637888076030783,TX
TX_2__FOODS,TX_2,FOODS,FOODS,2016-04-06,16.0,18.208173809223084,lightgbm,-2.2081738092230836,2.2081738092230836,13.801086307644272,TX
TX_2__FOODS,TX_2,FOODS,FOODS,2016-04-07,20.0,18.22596407499579,lightgbm,1.7740359250042097,1.7740359250042097,8.870179625021049,TX
TX_2__FOODS,TX_2,FOODS,FOODS,2016-04-08,17.0,20.255744507270304,lightgbm,-3.255744507270304,3.255744507270304,19.151438278060613,TX
TX_2__FOODS,TX_2,FOODS,FOODS,2016-04-09,26.0,23.21076706399372,lightgbm,2.789232936006279,2.789232936006279,10.727818984639534,TX
TX_2__FOODS,TX_2,FOODS,FOODS,2016-04-10,29.0,23.85146245890461,lightgbm,5.14853754109539,5.14853754109539,17.753577727915136,TX
TX_2__FOODS,TX_2,FOODS,FOODS,2016-04-11,18.0,19.64794150636938,lightgbm,-1.6479415063693814,1.6479415063693814,9.155230590941008,TX
TX_2__FOODS,TX_2,FOODS,FOODS,2016-04-12,31.0,17.652644070569618,lightgbm,13.347355929430382,13.347355929430382,43.055986869130265,TX
TX_2__FOODS,TX_2,FOODS,FOODS,2016-04-13,14.0,21.116100061563984,lightgbm,-7.116100061563984,7.116100061563984,50.82928615402845,TX
TX_2__FOODS,TX_2,FOODS,FOODS,2016-04-14,16.0,17.35305386597241,lightgbm,-1.3530538659724094,1.3530538659724094,8.45658666232756,TX
TX_2__FOODS,TX_2,FOODS,FOODS,2016-04-15,20.0,20.156008015881216,lightgbm,-0.15600801588121627,0.15600801588121627,0.7800400794060813,TX
TX_2__FOODS,TX_2,FOODS,FOODS,2016-04-16,21.0,23.6546613022018,lightgbm,-2.6546613022017986,2.6546613022017986,12.641244296199043,TX
TX_2__FOODS,TX_2,FOODS,FOODS,2016-04-17,31.0,23.08852646682559,lightgbm,7.911473533174409,7.911473533174409,25.52088236507874,TX
TX_2__FOODS,TX_2,FOODS,FOODS,2016-04-18,17.0,19.526104805592905,lightgbm,-2.5261048055929045,2.5261048055929045,14.859440032899437,TX
TX_2__FOODS,TX_2,FOODS,FOODS,2016-04-19,27.0,17.33001637455298,lightgbm,9.66998362544702,9.66998362544702,35.8147541683223,TX
TX_2__FOODS,TX_2,FOODS,FOODS,2016-04-20,23.0,19.362636966817185,lightgbm,3.6373630331828153,3.6373630331828153,15.814621883403547,TX
TX_2__FOODS,TX_2,FOODS,FOODS,2016-04-21,27.0,18.71942086748392,lightgbm,8.280579132516081,8.280579132516081,30.66881160191141,TX
TX_2__FOODS,TX_2,FOODS,FOODS,2016-04-22,34.0,21.56661697988865,lightgbm,12.43338302011135,12.43338302011135,36.56877358856279,TX
TX_2__FOODS,TX_2,FOODS,FOODS,2016-04-23,52.0,27.34451934936952,lightgbm,24.65548065063048,24.65548065063048,47.41438586659707,TX
TX_2__FOODS,TX_2,FOODS,FOODS,2016-04-24,27.0,29.84964734315624,lightgbm,-2.8496473431562386,2.8496473431562386,10.554249419097179,TX
TX_2__HOBBIES,TX_2,HOBBIES,HOBBIES,2016-03-28,14.0,12.698726057388704,lightgbm,1.3012739426112958,1.3012739426112958,9.29481387579497,TX
TX_2__HOBBIES,TX_2,HOBBIES,HOBBIES,2016-03-29,9.0,12.436071727026016,lightgbm,-3.4360717270260164,3.4360717270260164,38.17857474473352,TX
TX_2__HOBBIES,TX_2,HOBBIES,HOBBIES,2016-03-30,16.0,11.422557491343731,lightgbm,4.577442508656269,4.577442508656269,28.60901567910168,TX
TX_2__HOBBIES,TX_2,HOBBIES,HOBBIES,2016-03-31,15.0,12.290195908791294,lightgbm,2.7098040912087065,2.7098040912087065,18.065360608058043,TX
TX_2__HOBBIES,TX_2,HOBBIES,HOBBIES,2016-04-01,17.0,14.244268900164748,lightgbm,2.755731099835252,2.755731099835252,16.210182940207364,TX
TX_2__HOBBIES,TX_2,HOBBIES,HOBBIES,2016-04-02,22.0,16.904049732818674,lightgbm,5.095950267181326,5.095950267181326,23.163410305369663,TX
TX_2__HOBBIES,TX_2,HOBBIES,HOBBIES,2016-04-03,17.0,17.75299464502229,lightgbm,-0.7529946450222909,0.7529946450222909,4.429380264837005,TX
TX_2__HOBBIES,TX_2,HOBBIES,HOBBIES,2016-04-04,7.0,13.599832134278907,lightgbm,-6.599832134278907,6.599832134278907,94.28331620398438,TX
TX_2__HOBBIES,TX_2,HOBBIES,HOBBIES,2016-04-05,6.0,12.687591989739268,lightgbm,-6.687591989739268,6.687591989739268,111.45986649565447,TX
TX_2__HOBBIES,TX_2,HOBBIES,HOBBIES,2016-04-06,18.0,11.731582180880464,lightgbm,6.268417819119536,6.268417819119536,34.82454343955298,TX
TX_2__HOBBIES,TX_2,HOBBIES,HOBBIES,2016-04-07,21.0,13.419567430468886,lightgbm,7.580432569531114,7.580432569531114,36.09729795014816,TX
TX_2__HOBBIES,TX_2,HOBBIES,HOBBIES,2016-04-08,20.0,14.569530442172262,lightgbm,5.430469557827738,5.430469557827738,27.15234778913869,TX
TX_2__HOBBIES,TX_2,HOBBIES,HOBBIES,2016-04-09,11.0,17.81320277540432,lightgbm,-6.813202775404321,6.813202775404321,61.93820704913019,TX
TX_2__HOBBIES,TX_2,HOBBIES,HOBBIES,2016-04-10,36.0,16.442901257659425,lightgbm,19.557098742340575,19.557098742340575,54.32527428427938,TX
TX_2__HOBBIES,TX_2,HOBBIES,HOBBIES,2016-04-11,18.0,14.400086619221796,lightgbm,3.5999133807782044,3.5999133807782044,19.999518782101138,TX
TX_2__HOBBIES,TX_2,HOBBIES,HOBBIES,2016-04-12,24.0,14.195386648865552,lightgbm,9.804613351134448,9.804613351134448,40.852555629726865,TX
TX_2__HOBBIES,TX_2,HOBBIES,HOBBIES,2016-04-13,19.4478,14.839716362586556,lightgbm,4.608083637413445,4.608083637413445,23.694626833952658,TX
TX_2__HOBBIES,TX_2,HOBBIES,HOBBIES,2016-04-14,15.0,15.809890851911703,lightgbm,-0.8098908519117032,0.8098908519117032,5.399272346078021,TX
TX_2__HOBBIES,TX_2,HOBBIES,HOBBIES,2016-04-15,13.0,17.291609863857317,lightgbm,-4.2916098638573175,4.2916098638573175,33.01238356813322,TX
TX_2__HOBBIES,TX_2,HOBBIES,HOBBIES,2016-04-16,21.0,18.7846971726943,lightgbm,2.215302827305699,2.215302827305699,10.54906108240809,TX
TX_2__HOBBIES,TX_2,HOBBIES,HOBBIES,2016-04-17,10.0,19.99034068689594,lightgbm,-9.99034068689594,9.99034068689594,99.90340686895941,TX
TX_2__HOBBIES,TX_2,HOBBIES,HOBBIES,2016-04-18,12.0,13.95124713337026,lightgbm,-1.9512471333702592,1.9512471333702592,16.260392778085496,TX
TX_2__HOBBIES,TX_2,HOBBIES,HOBBIES,2016-04-19,15.0,14.679814941201252,lightgbm,0.3201850587987476,0.3201850587987476,2.134567058658317,TX
TX_2__HOBBIES,TX_2,HOBBIES,HOBBIES,2016-04-20,5.0,14.436684971687589,lightgbm,-9.436684971687589,9.436684971687589,188.73369943375178,TX
TX_2__HOBBIES,TX_2,HOBBIES,HOBBIES,2016-04-21,16.0,12.871741571758742,lightgbm,3.128258428241258,3.128258428241258,19.551615176507863,TX
TX_2__HOBBIES,TX_2,HOBBIES,HOBBIES,2016-04-22,24.4478,14.94027350949123,lightgbm,9.507526490508772,9.507526490508772,38.88908814089109,TX
TX_2__HOBBIES,TX_2,HOBBIES,HOBBIES,2016-04-23,13.0,18.3498296465629,lightgbm,-5.349829646562899,5.349829646562899,41.15253574279153,TX
TX_2__HOBBIES,TX_2,HOBBIES,HOBBIES,2016-04-24,15.0,17.050345628348897,lightgbm,-2.0503456283488966,2.0503456283488966,13.66897085565931,TX
TX_2__HOUSEHOLD,TX_2,HOUSEHOLD,HOUSEHOLD,2016-03-28,22.0,12.383905325433773,lightgbm,9.616094674566227,9.616094674566227,43.7095212480283,TX
TX_2__HOUSEHOLD,TX_2,HOUSEHOLD,HOUSEHOLD,2016-03-29,9.0,13.092648714445644,lightgbm,-4.0926487144456445,4.0926487144456445,45.473874604951604,TX
TX_2__HOUSEHOLD,TX_2,HOUSEHOLD,HOUSEHOLD,2016-03-30,6.0,11.30713734416704,lightgbm,-5.307137344167041,5.307137344167041,88.45228906945067,TX
TX_2__HOUSEHOLD,TX_2,HOUSEHOLD,HOUSEHOLD,2016-03-31,10.0,10.66472069902602,lightgbm,-0.6647206990260202,0.6647206990260202,6.647206990260202,TX
TX_2__HOUSEHOLD,TX_2,HOUSEHOLD,HOUSEHOLD,2016-04-01,18.0,12.689779972378467,lightgbm,5.310220027621533,5.310220027621533,29.501222375675184,TX
TX_2__HOUSEHOLD,TX_2,HOUSEHOLD,HOUSEHOLD,2016-04-02,17.0,17.684300591258005,lightgbm,-0.6843005912580047,0.6843005912580047,4.025297595635322,TX
TX_2__HOUSEHOLD,TX_2,HOUSEHOLD,HOUSEHOLD,2016-04-03,13.0,16.424450468566693,lightgbm,-3.424450468566693,3.424450468566693,26.341926681282256,TX
TX_2__HOUSEHOLD,TX_2,HOUSEHOLD,HOUSEHOLD,2016-04-04,3.0,12.27778551190268,lightgbm,-9.27778551190268,9.27778551190268,309.25951706342266,TX
TX_2__HOUSEHOLD,TX_2,HOUSEHOLD,HOUSEHOLD,2016-04-05,10.0,10.295894932041188,lightgbm,-0.2958949320411879,0.2958949320411879,2.958949320411879,TX
TX_2__HOUSEHOLD,TX_2,HOUSEHOLD,HOUSEHOLD,2016-04-06,18.0,10.761730689175728,lightgbm,7.238269310824272,7.238269310824272,40.21260728235706,TX
TX_2__HOUSEHOLD,TX_2,HOUSEHOLD,HOUSEHOLD,2016-04-07,15.0,13.054272642542326,lightgbm,1.945727357457674,1.945727357457674,12.971515716384493,TX
TX_2__HOUSEHOLD,TX_2,HOUSEHOLD,HOUSEHOLD,2016-04-08,13.0,13.80149651304668,lightgbm,-0.8014965130466791,0.8014965130466791,6.165357792666763,TX
TX_2__HOUSEHOLD,TX_2,HOUSEHOLD,HOUSEHOLD,2016-04-09,25.0,16.397007509217566,lightgbm,8.602992490782434,8.602992490782434,34.411969963129735,TX
TX_2__HOUSEHOLD,TX_2,HOUSEHOLD,HOUSEHOLD,2016-04-10,19.0,17.775628590879943,lightgbm,1.2243714091200566,1.2243714091200566,6.444060048000298,TX
TX_2__HOUSEHOLD,TX_2,HOUSEHOLD,HOUSEHOLD,2016-04-11,19.0,12.668520154648734,lightgbm,6.331479845351266,6.331479845351266,33.323578133427716,TX
TX_2__HOUSEHOLD,TX_2,HOUSEHOLD,HOUSEHOLD,2016-04-12,18.0,13.92675526452058,lightgbm,4.07324473547942,4.07324473547942,22.629137419330114,TX
TX_2__HOUSEHOLD,TX_2,HOUSEHOLD,HOUSEHOLD,2016-04-13,21.0,14.006225395957408,lightgbm,6.993774604042592,6.993774604042592,33.30368859067901,TX
TX_2__HOUSEHOLD,TX_2,HOUSEHOLD,HOUSEHOLD,2016-04-14,25.0,15.25974943570082,lightgbm,9.74025056429918,9.74025056429918,38.96100225719672,TX
TX_2__HOUSEHOLD,TX_2,HOUSEHOLD,HOUSEHOLD,2016-04-15,24.0,18.403452219324677,lightgbm,5.596547780675323,5.596547780675323,23.318949086147178,TX
TX_2__HOUSEHOLD,TX_2,HOUSEHOLD,HOUSEHOLD,2016-04-16,25.0,20.94688576670333,lightgbm,4.053114233296672,4.053114233296672,16.212456933186687,TX
TX_2__HOUSEHOLD,TX_2,HOUSEHOLD,HOUSEHOLD,2016-04-17,25.0,20.1330069340548,lightgbm,4.8669930659451985,4.8669930659451985,19.467972263780794,TX
TX_2__HOUSEHOLD,TX_2,HOUSEHOLD,HOUSEHOLD,2016-04-18,18.0,17.414177571639637,lightgbm,0.5858224283603626,0.5858224283603626,3.2545690464464587,TX
TX_2__HOUSEHOLD,TX_2,HOUSEHOLD,HOUSEHOLD,2016-04-19,25.0,16.072029053711823,lightgbm,8.927970946288177,8.927970946288177,35.71188378515271,TX
TX_2__HOUSEHOLD,TX_2,HOUSEHOLD,HOUSEHOLD,2016-04-20,15.0,17.52838630269485,lightgbm,-2.5283863026948517,2.5283863026948517,16.855908684632347,TX
TX_2__HOUSEHOLD,TX_2,HOUSEHOLD,HOUSEHOLD,2016-04-21,13.0,15.74064987859318,lightgbm,-2.74064987859318,2.74064987859318,21.08192214302446,TX
TX_2__HOUSEHOLD,TX_2,HOUSEHOLD,HOUSEHOLD,2016-04-22,11.0,17.261655332314078,lightgbm,-6.261655332314078,6.261655332314078,56.92413938467343,TX
TX_2__HOUSEHOLD,TX_2,HOUSEHOLD,HOUSEHOLD,2016-04-23,24.0,19.125207860870443,lightgbm,4.874792139129557,4.874792139129557,20.31163391303982,TX
TX_2__HOUSEHOLD,TX_2,HOUSEHOLD,HOUSEHOLD,2016-04-24,19.0,21.447878535723888,lightgbm,-2.4478785357238877,2.4478785357238877,12.883571240652039,TX
WI_1__FOODS,WI_1,FOODS,FOODS,2016-03-28,18.0,19.869101505348844,lightgbm,-1.8691015053488442,1.8691015053488442,10.383897251938023,WI
WI_1__FOODS,WI_1,FOODS,FOODS,2016-03-29,20.0,17.23062260967534,lightgbm,2.76937739032466,2.76937739032466,13.846886951623299,WI
WI_1__FOODS,WI_1,FOODS,FOODS,2016-03-30,17.0,18.93311005265903,lightgbm,-1.9331100526590284,1.9331100526590284,11.371235603876638,WI
WI_1__FOODS,WI_1,FOODS,FOODS,2016-03-31,18.0,17.81337608862366,lightgbm,0.1866239113763406,0.1866239113763406,1.0367995076463365,WI
WI_1__FOODS,WI_1,FOODS,FOODS,2016-04-01,29.0,21.285874473679076,lightgbm,7.714125526320924,7.714125526320924,26.600432849382493,WI
WI_1__FOODS,WI_1,FOODS,FOODS,2016-04-02,30.0,26.51898180311219,lightgbm,3.48101819688781,3.48101819688781,11.603393989626033,WI
WI_1__FOODS,WI_1,FOODS,FOODS,2016-04-03,37.0,24.834480620034647,lightgbm,12.165519379965353,12.165519379965353,32.87978210801447,WI
WI_1__FOODS,WI_1,FOODS,FOODS,2016-04-04,14.0,20.532050407510223,lightgbm,-6.532050407510223,6.532050407510223,46.65750291078731,WI
WI_1__FOODS,WI_1,FOODS,FOODS,2016-04-05,13.0,18.03503972748312,lightgbm,-5.03503972748312,5.03503972748312,38.73107482679323,WI
WI_1__FOODS,WI_1,FOODS,FOODS,2016-04-06,18.0,17.866290959351517,lightgbm,0.13370904064848332,0.13370904064848332,0.7428280036026852,WI
WI_1__FOODS,WI_1,FOODS,FOODS,2016-04-07,12.0,18.03645522058155,lightgbm,-6.036455220581551,6.036455220581551,50.30379350484626,WI
WI_1__FOODS,WI_1,FOODS,FOODS,2016-04-08,23.0,20.29930319678718,lightgbm,2.7006968032128214,2.7006968032128214,11.742160013968789,WI
WI_1__FOODS,WI_1,FOODS,FOODS,2016-04-09,40.4478,25.595431986529093,lightgbm,14.852368013470908,14.852368013470908,36.719841409102365,WI
WI_1__FOODS,WI_1,FOODS,FOODS,2016-04-10,34.0,25.04637799594385,lightgbm,8.95362200405615,8.95362200405615,26.33418236487103,WI
WI_1__FOODS,WI_1,FOODS,FOODS,2016-04-11,17.0,21.201390672697123,lightgbm,-4.201390672697123,4.201390672697123,24.71406278057131,WI
WI_1__FOODS,WI_1,FOODS,FOODS,2016-04-12,19.0,17.579816088902184,lightgbm,1.4201839110978156,1.4201839110978156,7.474652163672714,WI
WI_1__FOODS,WI_1,FOODS,FOODS,2016-04-13,11.0,18.14281401480568,lightgbm,-7.14281401480568,7.14281401480568,64.93467286186981,WI
WI_1__FOODS,WI_1,FOODS,FOODS,2016-04-14,17.0,18.268760605327994,lightgbm,-1.2687606053279943,1.2687606053279943,7.463297678399966,WI
WI_1__FOODS,WI_1,FOODS,FOODS,2016-04-15,18.0,20.628138531656475,lightgbm,-2.628138531656475,2.628138531656475,14.60076962031375,WI
WI_1__FOODS,WI_1,FOODS,FOODS,2016-04-16,19.0,24.53627428922238,lightgbm,-5.53627428922238,5.53627428922238,29.13828573274937,WI
WI_1__FOODS,WI_1,FOODS,FOODS,2016-04-17,38.0,23.532007105941247,lightgbm,14.467992894058753,14.467992894058753,38.073665510680925,WI
WI_1__FOODS,WI_1,FOODS,FOODS,2016-04-18,32.0,20.79480010840451,lightgbm,11.205199891595491,11.205199891595491,35.01624966123591,WI
WI_1__FOODS,WI_1,FOODS,FOODS,2016-04-19,20.0,21.423431809972605,lightgbm,-1.4234318099726053,1.4234318099726053,7.117159049863027,WI
WI_1__FOODS,WI_1,FOODS,FOODS,2016-04-20,40.0,20.024725192091445,lightgbm,19.975274807908555,19.975274807908555,49.938187019771384,WI
WI_1__FOODS,WI_1,FOODS,FOODS,2016-04-21,29.0,23.863399017327264,lightgbm,5.136600982672736,5.136600982672736,17.712417181630123,WI
WI_1__FOODS,WI_1,FOODS,FOODS,2016-04-22,39.0,27.084572826614693,lightgbm,11.915427173385307,11.915427173385307,30.552377367654632,WI
WI_1__FOODS,WI_1,FOODS,FOODS,2016-04-23,44.0,35.26871425264499,lightgbm,8.73128574735501,8.73128574735501,19.843831243988657,WI
WI_1__FOODS,WI_1,FOODS,FOODS,2016-04-24,50.0,33.57125163716315,lightgbm,16.42874836283685,16.42874836283685,32.8574967256737,WI
WI_1__HOBBIES,WI_1,HOBBIES,HOBBIES,2016-03-28,5.0,9.956146920613444,lightgbm,-4.956146920613444,4.956146920613444,99.12293841226887,WI
WI_1__HOBBIES,WI_1,HOBBIES,HOBBIES,2016-03-29,7.0,7.930386094863831,lightgbm,-0.930386094863831,0.930386094863831,13.291229926626155,WI
WI_1__HOBBIES,WI_1,HOBBIES,HOBBIES,2016-03-30,9.0,8.944217061635944,lightgbm,0.05578293836405557,0.05578293836405557,0.6198104262672841,WI
WI_1__HOBBIES,WI_1,HOBBIES,HOBBIES,2016-03-31,11.0,8.627778983857228,lightgbm,2.372221016142772,2.372221016142772,21.565645601297927,WI
WI_1__HOBBIES,WI_1,HOBBIES,HOBBIES,2016-04-01,13.0,10.532034521326125,lightgbm,2.467965478673875,2.467965478673875,18.984349835952884,WI
WI_1__HOBBIES,WI_1,HOBBIES,HOBBIES,2016-04-02,22.0,14.299639805481617,lightgbm,7.7003601945183835,7.7003601945183835,35.001637247810834,WI
WI_1__HOBBIES,WI_1,HOBBIES,HOBBIES,2016-04-03,13.0,13.444821747681624,lightgbm,-0.4448217476816243,0.4448217476816243,3.4217057513971096,WI
WI_1__HOBBIES,WI_1,HOBBIES,HOBBIES,2016-04-04,12.0,9.619312997254532,lightgbm,2.380687002745468,2.380687002745468,19.839058356212234,WI
WI_1__HOBBIES,WI_1,HOBBIES,HOBBIES,2016-04-05,15.0,9.438824307755912,lightgbm,5.561175692244088,5.561175692244088,37.07450461496059,WI
WI_1__HOBBIES,WI_1,HOBBIES,HOBBIES,2016-04-06,13.0,10.159578278481147,lightgbm,2.8404217215188527,2.8404217215188527,21.84939785783733,WI
WI_1__HOBBIES,WI_1,HOBBIES,HOBBIES,2016-04-07,12.0,10.78263523793228,lightgbm,1.2173647620677208,1.2173647620677208,10.144706350564341,WI
WI_1__HOBBIES,WI_1,HOBBIES,HOBBIES,2016-04-08,9.0,12.211320591704768,lightgbm,-3.2113205917047676,3.2113205917047676,35.68133990783075,WI
WI_1__HOBBIES,WI_1,HOBBIES,HOBBIES,2016-04-09,17.0,14.68643994300104,lightgbm,2.313560056998959,2.313560056998959,13.60917680587623,WI
WI_1__HOBBIES,WI_1,HOBBIES,HOBBIES,2016-04-10,12.0,14.112721839896372,lightgbm,-2.1127218398963716,2.1127218398963716,17.606015332469763,WI
WI_1__HOBBIES,WI_1,HOBBIES,HOBBIES,2016-04-11,14.0,10.55576924413995,lightgbm,3.4442307558600493,3.4442307558600493,24.60164825614321,WI
WI_1__HOBBIES,WI_1,HOBBIES,HOBBIES,2016-04-12,3.0,10.604958465557996,lightgbm,-7.604958465557996,7.604958465557996,253.49861551859988,WI
WI_1__HOBBIES,WI_1,HOBBIES,HOBBIES,2016-04-13,13.0,9.902081405513448,lightgbm,3.0979185944865524,3.0979185944865524,23.83014303451194,WI
WI_1__HOBBIES,WI_1,HOBBIES,HOBBIES,2016-04-14,7.0,10.657147447309042,lightgbm,-3.6571474473090415,3.6571474473090415,52.24496353298631,WI
WI_1__HOBBIES,WI_1,HOBBIES,HOBBIES,2016-04-15,9.0,10.886257747483956,lightgbm,-1.8862577474839561,1.8862577474839561,20.958419416488404,WI
WI_1__HOBBIES,WI_1,HOBBIES,HOBBIES,2016-04-16,10.4478,14.48612541142787,lightgbm,-4.03832541142787,4.03832541142787,38.65239965761088,WI
WI_1__HOBBIES,WI_1,HOBBIES,HOBBIES,2016-04-17,7.0,13.118071321078231,lightgbm,-6.118071321078231,6.118071321078231,87.40101887254616,WI
WI_1__HOBBIES,WI_1,HOBBIES,HOBBIES,2016-04-18,9.0,9.407962915906326,lightgbm,-0.4079629159063263,0.4079629159063263,4.53292128784807,WI
WI_1__HOBBIES,WI_1,HOBBIES,HOBBIES,2016-04-19,10.0,9.388373417612152,lightgbm,0.6116265823878475,0.6116265823878475,6.116265823878475,WI
WI_1__HOBBIES,WI_1,HOBBIES,HOBBIES,2016-04-20,7.0,9.17077544176116,lightgbm,-2.17077544176116,2.17077544176116,31.011077739445142,WI
WI_1__HOBBIES,WI_1,HOBBIES,HOBBIES,2016-04-21,13.0,8.664795537053445,lightgbm,4.335204462946555,4.335204462946555,33.347726638050425,WI
WI_1__HOBBIES,WI_1,HOBBIES,HOBBIES,2016-04-22,19.0,10.517226914507024,lightgbm,8.482773085492976,8.482773085492976,44.64617413417356,WI
WI_1__HOBBIES,WI_1,HOBBIES,HOBBIES,2016-04-23,9.0,13.35825227551532,lightgbm,-4.358252275515319,4.358252275515319,48.42502528350355,WI
WI_1__HOBBIES,WI_1,HOBBIES,HOBBIES,2016-04-24,10.0,13.205358651949387,lightgbm,-3.2053586519493873,3.2053586519493873,32.05358651949387,WI
WI_1__HOUSEHOLD,WI_1,HOUSEHOLD,HOUSEHOLD,2016-03-28,8.0,8.760562767929102,lightgbm,-0.7605627679291018,0.7605627679291018,9.507034599113773,WI
WI_1__HOUSEHOLD,WI_1,HOUSEHOLD,HOUSEHOLD,2016-03-29,13.0,8.835738904034534,lightgbm,4.1642610959654665,4.1642610959654665,32.032777661272824,WI
WI_1__HOUSEHOLD,WI_1,HOUSEHOLD,HOUSEHOLD,2016-03-30,12.0,10.277775291708307,lightgbm,1.7222247082916926,1.7222247082916926,14.351872569097438,WI
WI_1__HOUSEHOLD,WI_1,HOUSEHOLD,HOUSEHOLD,2016-03-31,13.0,9.875693845856889,lightgbm,3.1243061541431114,3.1243061541431114,24.03312426263932,WI
WI_1__HOUSEHOLD,WI_1,HOUSEHOLD,HOUSEHOLD,2016-04-01,11.0,12.395026394626395,lightgbm,-1.3950263946263952,1.3950263946263952,12.68205813296723,WI
WI_1__HOUSEHOLD,WI_1,HOUSEHOLD,HOUSEHOLD,2016-04-02,15.0,14.40419282535286,lightgbm,0.5958071746471401,0.5958071746471401,3.9720478309809333,WI
WI_1__HOUSEHOLD,WI_1,HOUSEHOLD,HOUSEHOLD,2016-04-03,18.0,14.254644692727748,lightgbm,3.745355307272252,3.745355307272252,20.807529484845844,WI
WI_1__HOUSEHOLD,WI_1,HOUSEHOLD,HOUSEHOLD,2016-04-04,7.0,11.048319670836058,lightgbm,-4.048319670836058,4.048319670836058,57.833138154800835,WI
WI_1__HOUSEHOLD,WI_1,HOUSEHOLD,HOUSEHOLD,2016-04-05,11.0,9.332371259060862,lightgbm,1.6676287409391382,1.6676287409391382,15.160261281264892,WI
WI_1__HOUSEHOLD,WI_1,HOUSEHOLD,HOUSEHOLD,2016-04-06,13.0,10.631155445530144,lightgbm,2.368844554469856,2.368844554469856,18.22188118822966,WI
WI_1__HOUSEHOLD,WI_1,HOUSEHOLD,HOUSEHOLD,2016-04-07,14.0,11.00933924216552,lightgbm,2.9906607578344797,2.9906607578344797,21.36186255596057,WI
WI_1__HOUSEHOLD,WI_1,HOUSEHOLD,HOUSEHOLD,2016-04-08,12.0,12.664238999918672,lightgbm,-0.6642389999186715,0.6642389999186715,5.535324999322263,WI
WI_1__HOUSEHOLD,WI_1,HOUSEHOLD,HOUSEHOLD,2016-04-09,14.0,15.356686238770353,lightgbm,-1.3566862387703527,1.3566862387703527,9.690615991216804,WI
WI_1__HOUSEHOLD,WI_1,HOUSEHOLD,HOUSEHOLD,2016-04-10,17.0,14.711228463677806,lightgbm,2.2887715363221943,2.2887715363221943,13.463361978365848,WI
WI_1__HOUSEHOLD,WI_1,HOUSEHOLD,HOUSEHOLD,2016-04-11,7.0,10.929104192231724,lightgbm,-3.9291041922317245,3.9291041922317245,56.13005988902463,WI
WI_1__HOUSEHOLD,WI_1,HOUSEHOLD,HOUSEHOLD,2016-04-12,8.0,9.799911658400053,lightgbm,-1.7999116584000525,1.7999116584000525,22.498895730000655,WI
WI_1__HOUSEHOLD,WI_1,HOUSEHOLD,HOUSEHOLD,2016-04-13,2.0,10.021355242538316,lightgbm,-8.021355242538316,8.021355242538316,401.0677621269158,WI
WI_1__HOUSEHOLD,WI_1,HOUSEHOLD,HOUSEHOLD,2016-04-14,8.0,8.813441855321674,lightgbm,-0.813441855321674,0.813441855321674,10.168023191520925,WI
WI_1__HOUSEHOLD,WI_1,HOUSEHOLD,HOUSEHOLD,2016-04-15,3.0,10.777657189078129,lightgbm,-7.777657189078129,7.777657189078129,259.25523963593764,WI
WI_1__HOUSEHOLD,WI_1,HOUSEHOLD,HOUSEHOLD,2016-04-16,12.0,12.905133669555424,lightgbm,-0.9051336695554237,0.9051336695554237,7.542780579628531,WI
WI_1__HOUSEHOLD,WI_1,HOUSEHOLD,HOUSEHOLD,2016-04-17,17.0,12.600147496535648,lightgbm,4.399852503464352,4.399852503464352,25.88148531449619,WI
WI_1__HOUSEHOLD,WI_1,HOUSEHOLD,HOUSEHOLD,2016-04-18,4.0,9.277679639190069,lightgbm,-5.277679639190069,5.277679639190069,131.94199097975172,WI
WI_1__HOUSEHOLD,WI_1,HOUSEHOLD,HOUSEHOLD,2016-04-19,3.0,7.610186176526663,lightgbm,-4.610186176526663,4.610186176526663,153.67287255088877,WI
WI_1__HOUSEHOLD,WI_1,HOUSEHOLD,HOUSEHOLD,2016-04-20,8.0,7.753193992819781,lightgbm,0.2468060071802194,0.2468060071802194,3.0850750897527424,WI
WI_1__HOUSEHOLD,WI_1,HOUSEHOLD,HOUSEHOLD,2016-04-21,6.0,8.50022558767574,lightgbm,-2.5002255876757395,2.5002255876757395,41.67042646126233,WI
WI_1__HOUSEHOLD,WI_1,HOUSEHOLD,HOUSEHOLD,2016-04-22,11.0,9.62640144475001,lightgbm,1.3735985552499894,1.3735985552499894,12.487259593181722,WI
WI_1__HOUSEHOLD,WI_1,HOUSEHOLD,HOUSEHOLD,2016-04-23,15.0,12.706278098283107,lightgbm,2.293721901716893,2.293721901716893,15.291479344779285,WI
WI_1__HOUSEHOLD,WI_1,HOUSEHOLD,HOUSEHOLD,2016-04-24,12.0,11.93653068927055,lightgbm,0.06346931072945061,0.06346931072945061,0.5289109227454218,WI
WI_2__FOODS,WI_2,FOODS,FOODS,2016-03-28,12.0,21.407560587951327,lightgbm,-9.407560587951327,9.407560587951327,78.39633823292772,WI
WI_2__FOODS,WI_2,FOODS,FOODS,2016-03-29,14.0,21.159703953865414,lightgbm,-7.159703953865414,7.159703953865414,51.140742527610094,WI
WI_2__FOODS,WI_2,FOODS,FOODS,2016-03-30,18.0,21.24158478842385,lightgbm,-3.2415847884238502,3.2415847884238502,18.0088043801325,WI
WI_2__FOODS,WI_2,FOODS,FOODS,2016-03-31,22.0,21.115496699281582,lightgbm,0.8845033007184178,0.8845033007184178,4.02046954872008,WI
WI_2__FOODS,WI_2,FOODS,FOODS,2016-04-01,23.0,25.37385790235682,lightgbm,-2.3738579023568214,2.3738579023568214,10.321121314594874,WI
WI_2__FOODS,WI_2,FOODS,FOODS,2016-04-02,35.0,31.167385310551897,lightgbm,3.8326146894481035,3.8326146894481035,10.950327684137438,WI
WI_2__FOODS,WI_2,FOODS,FOODS,2016-04-03,32.0,28.89056565832004,lightgbm,3.109434341679961,3.109434341679961,9.716982317749878,WI
WI_2__FOODS,WI_2,FOODS,FOODS,2016-04-04,26.0,23.172934078066262,lightgbm,2.8270659219337375,2.8270659219337375,10.873330468975913,WI
WI_2__FOODS,WI_2,FOODS,FOODS,2016-04-05,27.0,22.622396333259136,lightgbm,4.377603666740864,4.377603666740864,16.21334691385505,WI
WI_2__FOODS,WI_2,FOODS,FOODS,2016-04-06,34.0,25.225815617489687,lightgbm,8.774184382510313,8.774184382510313,25.806424654442097,WI
WI_2__FOODS,WI_2,FOODS,FOODS,2016-04-07,30.0,24.469075447040016,lightgbm,5.530924552959984,5.530924552959984,18.43641517653328,WI
WI_2__FOODS,WI_2,FOODS,FOODS,2016-04-08,29.0,27.100972524377838,lightgbm,1.8990274756221623,1.8990274756221623,6.5483706055936635,WI
WI_2__FOODS,WI_2,FOODS,FOODS,2016-04-09,28.0,31.868413971132675,lightgbm,-3.868413971132675,3.868413971132675,13.815764182616697,WI
WI_2__FOODS,WI_2,FOODS,FOODS,2016-04-10,22.4478,27.03660314324324,lightgbm,-4.58880314324324,4.58880314324324,20.442106323306692,WI
WI_2__FOODS,WI_2,FOODS,FOODS,2016-04-11,31.0,23.07039887388073,lightgbm,7.92960112611927,7.92960112611927,25.57935847135248,WI
WI_2__FOODS,WI_2,FOODS,FOODS,2016-04-12,34.0,25.88214606546913,lightgbm,8.11785393453087,8.11785393453087,23.876040983914326,WI
WI_2__FOODS,WI_2,FOODS,FOODS,2016-04-13,21.0,24.50950849696648,lightgbm,-3.509508496966479,3.509508496966479,16.7119452236499,WI
WI_2__FOODS,WI_2,FOODS,FOODS,2016-04-14,19.0,25.84125821229604,lightgbm,-6.84125821229604,6.84125821229604,36.00662216997916,WI
WI_2__FOODS,WI_2,FOODS,FOODS,2016-04-15,25.0,26.30528024221679,lightgbm,-1.3052802422167886,1.3052802422167886,5.2211209688671545,WI
WI_2__FOODS,WI_2,FOODS,FOODS,2016-04-16,25.0,30.046861564413646,lightgbm,-5.046861564413646,5.046861564413646,20.187446257654585,WI
WI_2__FOODS,WI_2,FOODS,FOODS,2016-04-17,23.0,27.751454570711083,lightgbm,-4.751454570711083,4.751454570711083,20.658498133526447,WI
WI_2__FOODS,WI_2,FOODS,FOODS,2016-04-18,24.0,23.01170572270054,lightgbm,0.9882942772994596,0.9882942772994596,4.117892822081082,WI
WI_2__FOODS,WI_2,FOODS,FOODS,2016-04-19,22.0,22.118537463390357,lightgbm,-0.11853746339035709,0.11853746339035709,0.5388066517743504,WI
WI_2__FOODS,WI_2,FOODS,FOODS,2016-04-20,17.0,22.96582264253932,lightgbm,-5.965822642539319,5.965822642539319,35.093074367878344,WI
WI_2__FOODS,WI_2,FOODS,FOODS,2016-04-21,31.0,21.244165053246675,lightgbm,9.755834946753325,9.755834946753325,31.470435312107497,WI
WI_2__FOODS,WI_2,FOODS,FOODS,2016-04-22,35.0,26.464886407386214,lightgbm,8.535113592613786,8.535113592613786,24.38603883603939,WI
WI_2__FOODS,WI_2,FOODS,FOODS,2016-04-23,26.0,30.574058814946067,lightgbm,-4.574058814946067,4.574058814946067,17.592533903638717,WI
WI_2__FOODS,WI_2,FOODS,FOODS,2016-04-24,39.8956,27.73046426151711,lightgbm,12.165135738482892,12.165135738482892,30.492424574346273,WI
WI_2__HOBBIES,WI_2,HOBBIES,HOBBIES,2016-03-28,8.0,6.508136583427807,lightgbm,1.4918634165721931,1.4918634165721931,18.648292707152414,WI
WI_2__HOBBIES,WI_2,HOBBIES,HOBBIES,2016-03-29,18.4478,6.795662746892623,lightgbm,11.652137253107377,11.652137253107377,63.1627470652727,WI
WI_2__HOBBIES,WI_2,HOBBIES,HOBBIES,2016-03-30,4.0,8.109594992727404,lightgbm,-4.109594992727404,4.109594992727404,102.7398748181851,WI
WI_2__HOBBIES,WI_2,HOBBIES,HOBBIES,2016-03-31,5.0,7.193259550799474,lightgbm,-2.193259550799474,2.193259550799474,43.86519101598948,WI
WI_2__HOBBIES,WI_2,HOBBIES,HOBBIES,2016-04-01,4.0,8.228888680558988,lightgbm,-4.228888680558988,4.228888680558988,105.7222170139747,WI
WI_2__HOBBIES,WI_2,HOBBIES,HOBBIES,2016-04-02,2.0,8.310912098944353,lightgbm,-6.310912098944353,6.310912098944353,315.54560494721767,WI
WI_2__HOBBIES,WI_2,HOBBIES,HOBBIES,2016-04-03,4.0,7.638273756045956,lightgbm,-3.6382737560459564,3.6382737560459564,90.95684390114891,WI
WI_2__HOBBIES,WI_2,HOBBIES,HOBBIES,2016-04-04,12.0,6.318055957504954,lightgbm,5.681944042495046,5.681944042495046,47.34953368745872,WI
WI_2__HOBBIES,WI_2,HOBBIES,HOBBIES,2016-04-05,5.0,7.07983197062964,lightgbm,-2.07983197062964,2.07983197062964,41.59663941259281,WI
WI_2__HOBBIES,WI_2,HOBBIES,HOBBIES,2016-04-06,9.0,6.369778026732058,lightgbm,2.6302219732679424,2.6302219732679424,29.224688591866027,WI
WI_2__HOBBIES,WI_2,HOBBIES,HOBBIES,2016-04-07,12.0,7.005314751026152,lightgbm,4.994685248973848,4.994685248973848,41.622377074782065,WI
WI_2__HOBBIES,WI_2,HOBBIES,HOBBIES,2016-04-08,13.0,8.017387942023682,lightgbm,4.9826120579763185,4.9826120579763185,38.327785061356295,WI
WI_2__HOBBIES,WI_2,HOBBIES,HOBBIES,2016-04-09,12.4478,9.651543365456922,lightgbm,2.796256634543079,2.796256634543079,22.463862164744604,WI
WI_2__HOBBIES,WI_2,HOBBIES,HOBBIES,2016-04-10,8.4478,9.209521247613427,lightgbm,-0.7617212476134263,0.7617212476134263,9.016800203762235,WI
WI_2__HOBBIES,WI_2,HOBBIES,HOBBIES,2016-04-11,9.0,7.688686355250546,lightgbm,1.311313644749454,1.311313644749454,14.570151608327267,WI
WI_2__HOBBIES,WI_2,HOBBIES,HOBBIES,2016-04-12,11.0,8.159928023071586,lightgbm,2.8400719769284137,2.8400719769284137,25.81883615389467,WI
WI_2__HOBBIES,WI_2,HOBBIES,HOBBIES,2016-04-13,8.0,7.787621372397997,lightgbm,0.21237862760200343,0.21237862760200343,2.654732845025043,WI
WI_2__HOBBIES,WI_2,HOBBIES,HOBBIES,2016-04-14,7.0,8.091941532381048,lightgbm,-1.091941532381048,1.091941532381048,15.599164748300684,WI
WI_2__HOBBIES,WI_2,HOBBIES,HOBBIES,2016-04-15,4.0,8.734372426403201,lightgbm,-4.734372426403201,4.734372426403201,118.35931066008003,WI
WI_2__HOBBIES,WI_2,HOBBIES,HOBBIES,2016-04-16,5.0,9.167552938170887,lightgbm,-4.167552938170887,4.167552938170887,83.35105876341775,WI
WI_2__HOBBIES,WI_2,HOBBIES,HOBBIES,2016-04-17,8.4478,7.952988305870026,lightgbm,0.49481169412997517,0.49481169412997517,5.857284667368725,WI
WI_2__HOBBIES,WI_2,HOBBIES,HOBBIES,2016-04-18,3.0,7.179307169246941,lightgbm,-4.179307169246941,4.179307169246941,139.31023897489803,WI
WI_2__HOBBIES,WI_2,HOBBIES,HOBBIES,2016-04-19,2.0,6.576688437738465,lightgbm,-4.576688437738465,4.576688437738465,228.83442188692325,WI
WI_2__HOBBIES,WI_2,HOBBIES,HOBBIES,2016-04-20,4.0,6.471600862756169,lightgbm,-2.471600862756169,2.471600862756169,61.79002156890423,WI
WI_2__HOBBIES,WI_2,HOBBIES,HOBBIES,2016-04-21,11.0,6.04338664630302,lightgbm,4.95661335369698,4.95661335369698,45.060121397245275,WI
WI_2__HOBBIES,WI_2,HOBBIES,HOBBIES,2016-04-22,10.0,8.101708018667702,lightgbm,1.8982919813322976,1.8982919813322976,18.982919813322976,WI
WI_2__HOBBIES,WI_2,HOBBIES,HOBBIES,2016-04-23,4.0,8.316688022626069,lightgbm,-4.316688022626069,4.316688022626069,107.91720056565173,WI
WI_2__HOBBIES,WI_2,HOBBIES,HOBBIES,2016-04-24,7.0,7.482335929274475,lightgbm,-0.4823359292744751,0.4823359292744751,6.890513275349644,WI
WI_2__HOUSEHOLD,WI_2,HOUSEHOLD,HOUSEHOLD,2016-03-28,10.0,15.497808433891205,lightgbm,-5.497808433891205,5.497808433891205,54.97808433891205,WI
WI_2__HOUSEHOLD,WI_2,HOUSEHOLD,HOUSEHOLD,2016-03-29,6.0,13.903236530169156,lightgbm,-7.903236530169156,7.903236530169156,131.7206088361526,WI
WI_2__HOUSEHOLD,WI_2,HOUSEHOLD,HOUSEHOLD,2016-03-30,13.0,13.240369658310842,lightgbm,-0.24036965831084167,0.24036965831084167,1.848997371621859,WI
WI_2__HOUSEHOLD,WI_2,HOUSEHOLD,HOUSEHOLD,2016-03-31,34.0,15.031529033941904,lightgbm,18.968470966058096,18.968470966058096,55.789620488406165,WI
WI_2__HOUSEHOLD,WI_2,HOUSEHOLD,HOUSEHOLD,2016-04-01,15.0,21.223095078542016,lightgbm,-6.223095078542016,6.223095078542016,41.48730052361344,WI
WI_2__HOUSEHOLD,WI_2,HOUSEHOLD,HOUSEHOLD,2016-04-02,21.0,21.07081630622851,lightgbm,-0.07081630622851165,0.07081630622851165,0.3372205058500555,WI
WI_2__HOUSEHOLD,WI_2,HOUSEHOLD,HOUSEHOLD,2016-04-03,30.0,19.72149257934021,lightgbm,10.278507420659789,10.278507420659789,34.2616914021993,WI
WI_2__HOUSEHOLD,WI_2,HOUSEHOLD,HOUSEHOLD,2016-04-04,12.0,17.92088733507651,lightgbm,-5.920887335076511,5.920887335076511,49.34072779230426,WI
WI_2__HOUSEHOLD,WI_2,HOUSEHOLD,HOUSEHOLD,2016-04-05,10.0,14.396877768128398,lightgbm,-4.396877768128398,4.396877768128398,43.96877768128398,WI
WI_2__HOUSEHOLD,WI_2,HOUSEHOLD,HOUSEHOLD,2016-04-06,27.0,14.925887667199143,lightgbm,12.074112332800857,12.074112332800857,44.718934565929096,WI
WI_2__HOUSEHOLD,WI_2,HOUSEHOLD,HOUSEHOLD,2016-04-07,15.0,18.53965518326256,lightgbm,-3.5396551832625605,3.5396551832625605,23.597701221750402,WI
WI_2__HOUSEHOLD,WI_2,HOUSEHOLD,HOUSEHOLD,2016-04-08,7.0,18.553577105597096,lightgbm,-11.553577105597096,11.553577105597096,165.05110150852994,WI
WI_2__HOUSEHOLD,WI_2,HOUSEHOLD,HOUSEHOLD,2016-04-09,15.0,17.650250886067983,lightgbm,-2.650250886067983,2.650250886067983,17.66833924045322,WI
WI_2__HOUSEHOLD,WI_2,HOUSEHOLD,HOUSEHOLD,2016-04-10,14.0,17.398200943150126,lightgbm,-3.398200943150126,3.398200943150126,24.272863879643758,WI
WI_2__HOUSEHOLD,WI_2,HOUSEHOLD,HOUSEHOLD,2016-04-11,26.0,13.74237828712368,lightgbm,12.25762171287632,12.25762171287632,47.144698895678154,WI
WI_2__HOUSEHOLD,WI_2,HOUSEHOLD,HOUSEHOLD,2016-04-12,24.0,16.870958366747605,lightgbm,7.129041633252395,7.129041633252395,29.70434013855165,WI
WI_2__HOUSEHOLD,WI_2,HOUSEHOLD,HOUSEHOLD,2016-04-13,13.0,18.09933963782687,lightgbm,-5.099339637826869,5.099339637826869,39.22568952174515,WI
WI_2__HOUSEHOLD,WI_2,HOUSEHOLD,HOUSEHOLD,2016-04-14,14.0,16.097018719140863,lightgbm,-2.0970187191408627,2.0970187191408627,14.978705136720446,WI
WI_2__HOUSEHOLD,WI_2,HOUSEHOLD,HOUSEHOLD,2016-04-15,18.0,17.007121221645097,lightgbm,0.9928787783549033,0.9928787783549033,5.515993213082796,WI
WI_2__HOUSEHOLD,WI_2,HOUSEHOLD,HOUSEHOLD,2016-04-16,16.0,19.848329146341356,lightgbm,-3.8483291463413565,3.8483291463413565,24.052057164633478,WI
WI_2__HOUSEHOLD,WI_2,HOUSEHOLD,HOUSEHOLD,2016-04-17,18.0,18.39808027668364,lightgbm,-0.39808027668363977,0.39808027668363977,2.2115570926868875,WI
WI_2__HOUSEHOLD,WI_2,HOUSEHOLD,HOUSEHOLD,2016-04-18,16.0,14.890863737107257,lightgbm,1.1091362628927435,1.1091362628927435,6.932101643079647,WI
WI_2__HOUSEHOLD,WI_2,HOUSEHOLD,HOUSEHOLD,2016-04-19,17.0,14.291948076049538,lightgbm,2.708051923950462,2.708051923950462,15.929717199708602,WI
WI_2__HOUSEHOLD,WI_2,HOUSEHOLD,HOUSEHOLD,2016-04-20,20.0,14.559032402687556,lightgbm,5.440967597312444,5.440967597312444,27.204837986562218,WI
WI_2__HOUSEHOLD,WI_2,HOUSEHOLD,HOUSEHOLD,2016-04-21,11.0,15.78743654999319,lightgbm,-4.78743654999319,4.78743654999319,43.52215045448355,WI
WI_2__HOUSEHOLD,WI_2,HOUSEHOLD,HOUSEHOLD,2016-04-22,19.0,15.765021281956578,lightgbm,3.234978718043422,3.234978718043422,17.026203779175905,WI
WI_2__HOUSEHOLD,WI_2,HOUSEHOLD,HOUSEHOLD,2016-04-23,25.0,20.012983391005704,lightgbm,4.9870166089942956,4.9870166089942956,19.948066435977182,WI
WI_2__HOUSEHOLD,WI_2,HOUSEHOLD,HOUSEHOLD,2016-04-24,8.0,20.650471804766624,lightgbm,-12.650471804766624,12.650471804766624,158.13089755958282,WI
