store_id,state_id,cat_id,actual,forecast,bias,abs_error,under_forecast_days,pct_error
CA_1,CA,FOODS,977.8956000000001,948.6598982278608,1.0441322061478282,9.193758504870813,12,2.9896547005773657
CA_1,CA,HOBBIES,548.4478,536.1479387666232,0.43928075833488617,5.723192348074351,13,2.242667621855147
CA_1,CA,HOUSEHOLD,507.0,535.9106476635413,-1.0325231308407625,3.5687985503507913,10,-5.702297369534781
CA_2,CA,FOODS,1058.6868,965.224930627725,3.337923906152677,6.479684787729951,15,8.828094330851668
CA_2,CA,HOBBIES,556.0,503.12938779996034,1.888236150001416,5.720857860700215,14,9.509102913676196
CA_2,CA,HOUSEHOLD,574.8956000000001,559.9112669938936,0.5351547502180865,5.986183982234715,13,2.6064441971910117
CA_3,CA,FOODS,1121.0,1048.3315396186308,2.595302156477474,7.787377654391258,14,6.4824674738063495
CA_3,CA,HOBBIES,868.4478,835.3922174120046,1.1805565209998352,10.489126755289075,12,3.8062831857015986
CA_3,CA,HOUSEHOLD,859.0,926.9487080928127,-2.4267395747433125,6.6175590195683185,12,-7.910210488103922
TX_1,TX,FOODS,571.4478,539.7616898488061,1.1316467911140682,6.29358471179267,11,5.54488269115638
TX_1,TX,HOBBIES,308.3434,317.98568211099195,-0.34436721824971145,4.758956621687379,9,-3.1271245342017933
TX_1,TX,HOUSEHOLD,346.44780000000003,325.2051015393187,0.7586678021671889,4.102434688259877,15,6.131572623835773
TX_2,TX,FOODS,635.0,575.9890349345663,2.107534466622631,5.967975934743534,14,9.29306536463522
TX_2,TX,HOBBIES,449.8956,419.60473828161304,1.081816489942392,5.236790922378492,16,6.732864628679845
TX_2,TX,HOUSEHOLD,480.0,428.54533921054,1.8376664567664283,4.58959537275071,16,10.719720997804162
WI_1,WI,FOODS,716.4478,617.816592800091,3.5225431142824624,6.637297888372821,17,13.766698313528074
WI_1,WI,HOBBIES,310.44780000000003,308.66901452830115,0.06352805256067251,3.2851356863284815,14,0.5729740947427817
WI_1,WI,HOUSEHOLD,294.0,306.8142209743721,-0.45765074908471914,2.6751727711008786,14,-4.358578562711606
WI_2,WI,FOODS,725.3434,709.3689144070399,0.5705173426057157,5.052853510780937,14,2.2023341761929642
WI_2,WI,HOBBIES,210.7912,214.19096771054157,-0.12142027537648459,3.4030775543318366,13,-1.6128603616002792
WI_2,WI,HOUSEHOLD,474.0,475.0946674079812,-0.03909526457075791,5.6948655470847385,11,-0.2309424911352754
