date,state_id,actual,forecast
2016-03-28,CA,203.0,220.51884051678078
2016-03-28,TX,86.4478,82.25628821463683
2016-03-28,WI,61.0,81.99931679916173
2016-03-29,CA,181.0,206.23881457550243
2016-03-29,TX,61.0,79.53540404416239
2016-03-29,WI,78.4478,75.8553508395009
2016-03-30,CA,210.4478,204.2193888692252
2016-03-30,TX,63.0,75.62558248071245
2016-03-30,WI,73.0,80.74665184546538
2016-03-31,CA,216.0,221.8128476669491
2016-03-31,TX,85.0,75.10045598324875
2016-03-31,WI,103.0,79.65713420236074
2016-04-01,CA,314.44780000000003,259.79324376011755
2016-04-01,TX,116.0,92.59481843034472
2016-04-01,WI,95.0,99.03877705108943
2016-04-02,CA,254.4478,302.7175874113073
2016-04-02,TX,99.8956,111.97502115811282
2016-04-02,WI,125.0,115.77192814967142
2016-04-03,CA,332.8956,288.2523500658832
2016-04-03,TX,112.0,109.2126224195702
2016-04-03,WI,134.0,108.78427905415023
2016-04-04,CA,232.8956,240.55952592022803
2016-04-04,TX,53.0,82.60955536632986
2016-04-04,WI,83.0,88.61156044624855
2016-04-05,CA,217.0,226.77816470594007
2016-04-05,TX,52.0,76.23433580981886
2016-04-05,WI,81.0,80.90534136631706
2016-04-06,CA,222.0,222.86829998869916
2016-04-06,TX,100.4478,75.78978138129207
2016-04-06,WI,114.0,85.17850599478369
2016-04-07,CA,228.0,224.75758487832852
2016-04-07,TX,92.0,85.0389127340108
2016-04-07,WI,95.0,89.84247508200808
2016-04-08,CA,248.0,251.4526293303913
2016-04-08,TX,91.0,91.11328428716047
2016-04-08,WI,93.0,98.84680036040923
2016-04-09,CA,326.0,303.05835873056935
2016-04-09,TX,125.0,107.20449587421321
2016-04-09,WI,126.8956,114.80876639095806
2016-04-10,CA,334.0,307.0218880932772
2016-04-10,TX,124.0,109.33208253873002
2016-04-10,WI,107.8956,107.51465363352483
2016-04-11,CA,241.4478,234.7942662736446
2016-04-11,TX,94.0,85.14490495193007
2016-04-11,WI,104.0,87.18772762532376
2016-04-12,CA,225.0,219.70482417567584
2016-04-12,TX,105.0,83.09240248643043
2016-04-12,WI,99.0,88.89771866814856
2016-04-13,CA,177.0,211.32699768724663
2016-04-13,TX,91.4478,86.49459452880421
2016-04-13,WI,68.0,88.46272017004878
2016-04-14,CA,219.0,212.75872689342475
2016-04-14,TX,89.0,86.62368317116724
2016-04-14,WI,72.0,87.76956837177667
2016-04-15,CA,227.4478,244.03615594728018
2016-04-15,TX,92.0,98.20471136022857
2016-04-15,WI,77.0,94.33882735848366
2016-04-16,CA,314.44780000000003,284.165717811483
2016-04-16,TX,105.0,110.21083701808674
2016-04-16,WI,87.4478,110.99027701913155
2016-04-17,CA,298.0,293.06210676770763
2016-04-17,TX,129.0,109.84251347469247
2016-04-17,WI,111.4478,103.35274907681988
2016-04-18,CA,230.0,225.25915094454797
2016-04-18,TX,94.0,86.34449481190359
2016-04-18,WI,88.0,84.56231929255564
2016-04-19,CA,174.0,203.96942924601083
2016-04-19,TX,99.0,85.00192636214084
2016-04-19,WI,74.0,81.40916538128978
2016-04-20,CA,213.0,204.7504050411713
2016-04-20,TX,112.0,88.18617560217166
2016-04-20,WI,96.0,80.94515053465543
2016-04-21,CA,213.0,209.93677424010386
2016-04-21,TX,108.0,89.3021753936673
2016-04-21,WI,101.0,84.10340839159933
2016-04-22,CA,237.0,240.22332146630734
2016-04-22,TX,132.4478,99.5635741356399
2016-04-22,WI,133.0,97.55981689388223
2016-04-23,CA,394.44780000000003,293.4735570799006
2016-04-23,TX,156.0,119.55645009601741
2016-04-23,WI,123.0,120.23697485502126
2016-04-24,CA,387.44780000000003,302.1455771153487
2016-04-24,TX,123.4478,125.90050181061224
2016-04-24,WI,126.8956,114.5764129739413
