store_id,item_id,n_obs,n_negative_fixed,n_outliers,n_stockout_days,winsor_lower,winsor_upper,mean_sales,max_sales,risk_score,state_id,cat_id,hist_units,ops_risk
WI_2,FOODS_3_002,1913,0,0,1087,0.0,52.0,6.9106116048092,50.0,0.5682174594877156,WI,FOODS,13220,5.392134671231299
WI_1,FOODS_3_002,1913,0,10,1093,0.0,28.0,3.723993727130162,28.0,0.571353894406691,WI,FOODS,7155,5.071169442749122
WI_1,FOODS_3_609,1913,0,36,1435,0.0,4.4478,0.4240046001045478,4.4478,0.7501306847882906,WI,FOODS,857,5.0668357986227
CA_2,FOODS_3_381,1913,0,34,1465,0.0,4.4478,0.3524439100888657,4.4478,0.7658128593831678,CA,FOODS,744,5.064614678476767
CA_2,FOODS_2_072,1913,0,14,1655,0.0,4.4478,0.1548715107161526,4.4478,0.8651332984840564,CA,FOODS,315,4.97948424646437
TX_2,HOBBIES_1_316,1913,0,195,1186,0.0,4.4478,0.7607532671197074,4.4478,0.6199686356508103,TX,HOBBIES,2505,4.852149272687314
CA_3,HOUSEHOLD_1_330,1913,0,119,1201,0.0,4.0,0.8311552535284893,4.0,0.6278097229482488,CA,HOUSEHOLD,1859,4.726359880718976
WI_1,FOODS_3_381,1913,0,28,1165,0.0,8.0,1.1082070047046524,8.0,0.6089911134343963,WI,FOODS,2191,4.684706555148516
WI_1,FOODS_3_514,1913,0,102,1194,0.0,4.0,0.6393099843178254,4.0,0.6241505488761108,WI,FOODS,1691,4.639727051206694
CA_3,FOODS_3_002,1913,0,30,1117,0.0,8.0,1.1813904861474125,8.0,0.5838996340825928,CA,FOODS,2351,4.532825301711283
WI_1,HOBBIES_1_385,1913,0,3,1484,0.0,4.4478,0.1768653423941453,4.4478,0.7757449032932566,WI,HOBBIES,341,4.526324690957086
CA_3,HOUSEHOLD_1_308,1913,0,2,1530,0.0,4.4478,0.1395167799268165,4.4478,0.799790904338735,CA,HOUSEHOLD,268,4.474599273805967
CA_3,HOBBIES_1_316,1913,0,52,1235,0.0,4.4478,0.4340227914270779,4.4478,0.6455828541557763,CA,HOBBIES,976,4.444506542223125
CA_2,FOODS_1_125,1913,0,3,1338,0.0,4.4478,0.290822477783586,4.4478,0.6994249869315212,CA,FOODS,558,4.424667012588355
TX_2,FOODS_3_381,1913,0,90,1133,0.0,4.0,0.7433350757971772,4.0,0.5922634605331939,TX,FOODS,1646,4.3867241282233485
