store_id,cat_id,series_id,actual,forecast,bias,under_days,gap_units
WI_1,FOODS,WI_1__FOODS,716.4478,617.816592800091,3.5225431142824624,17,98.631207199909
CA_2,FOODS,CA_2__FOODS,1058.6868,965.224930627725,3.337923906152677,15,93.46186937227492
CA_3,FOODS,CA_3__FOODS,1121.0,1048.3315396186308,2.595302156477474,14,72.66846038136919
TX_2,FOODS,TX_2__FOODS,635.0,575.9890349345663,2.107534466622631,14,59.01096506543365
CA_2,HOBBIES,CA_2__HOBBIES,556.0,503.12938779996034,1.888236150001416,14,52.87061220003966
TX_2,HOUSEHOLD,TX_2__HOUSEHOLD,480.0,428.54533921054,1.8376664567664283,16,51.45466078945998
CA_3,HOBBIES,CA_3__HOBBIES,868.4478,835.3922174120046,1.1805565209998352,12,33.055582587995445
TX_1,FOODS,TX_1__FOODS,571.4478,539.7616898488061,1.1316467911140682,11,31.68611015119393
TX_2,HOBBIES,TX_2__HOBBIES,449.8956,419.60473828161304,1.081816489942392,16,30.290861718386964
CA_1,FOODS,CA_1__FOODS,977.8956000000001,948.6598982278608,1.0441322061478282,12,29.235701772139237
TX_1,HOUSEHOLD,TX_1__HOUSEHOLD,346.44780000000003,325.2051015393187,0.7586678021671889,15,21.24269846068131
WI_2,FOODS,WI_2__FOODS,725.3434,709.3689144070399,0.5705173426057157,14,15.974485592960036
CA_2,HOUSEHOLD,CA_2__HOUSEHOLD,574.8956000000001,559.9112669938936,0.5351547502180865,13,14.984333006106453
CA_1,HOBBIES,CA_1__HOBBIES,548.4478,536.1479387666232,0.43928075833488617,13,12.299861233376873
WI_1,HOBBIES,WI_1__HOBBIES,310.44780000000003,308.66901452830115,0.06352805256067251,14,1.7787854716988818
