store_id,item_id,cat_id,state_id,units_low_price,units_high_price,lift_low_vs_high_pct,price_spread_pct
CA_1,FOODS_1_129,FOODS,CA,2.860215053763441,1.7272727272727273,65.59139784946237,13.066202090592336
CA_1,FOODS_1_187,FOODS,CA,8.083769633507853,6.807228915662651,18.752722049761374,10.690423162583508
CA_1,FOODS_2_072,FOODS,CA,5.301369863013699,6.52,-18.69064627279602,3.472222222222225
CA_1,FOODS_3_123,FOODS,CA,4.485401459854015,4.547169811320755,-1.3583911318411745,0.0
CA_1,FOODS_3_139,FOODS,CA,21.789473684210527,23.645390070921987,-7.848956524484574,1.0040160642570246
CA_1,FOODS_3_317,FOODS,CA,24.096153846153847,15.417721518987342,56.288682581786034,13.99999999999999
CA_1,FOODS_3_415,FOODS,CA,7.536885245901639,7.189516129032258,4.8316063367137785,0.0
CA_1,FOODS_3_440,FOODS,CA,3.306122448979592,5.1875,-36.267519055815086,8.1967213114754
CA_1,FOODS_3_477,FOODS,CA,49.79220779220779,45.93333333333333,8.401032929334828,6.329113924050624
CA_1,FOODS_3_486,FOODS,CA,5.962025316455696,3.538922155688623,68.47008931439953,13.194444444444443
CA_1,FOODS_3_593,FOODS,CA,4.212765957446808,4.36936936936937,-3.5841193244132596,3.086419753086423
CA_1,FOODS_3_785,FOODS,CA,96.17919075144509,88.84158415841584,8.25920278497665,9.333333333333327
CA_1,HOBBIES_1_090,HOBBIES,CA,18.936842105263157,26.166666666666668,-27.629902782433803,10.204081632653082
CA_1,HOBBIES_1_093,HOBBIES,CA,1.9038461538461537,1.7635135135135136,7.957559681697601,2.0608439646712373
CA_1,HOBBIES_1_201,HOBBIES,CA,9.103092783505154,8.883435582822086,2.472660477302502,8.528428093645482
CA_1,HOBBIES_1_210,HOBBIES,CA,1.5342465753424657,1.8453038674033149,-16.856697563776557,0.0
CA_1,HOBBIES_1_254,HOBBIES,CA,60.523809523809526,45.971698113207545,31.654500503258976,2.85714285714286
CA_1,HOBBIES_1_287,HOBBIES,CA,7.6068376068376065,2.7945205479452055,172.20546338193395,6.94444444444445
CA_1,HOBBIES_2_008,HOBBIES,CA,0.6990291262135923,0.896969696969697,-22.067698766727894,2.8350515463917496
CA_1,HOBBIES_2_017,HOBBIES,CA,1.8888888888888888,1.073394495412844,75.97340930674264,12.280701754385957
CA_1,HOBBIES_2_079,HOBBIES,CA,0.4743083003952569,0.5025641025641026,-5.6223279825764365,0.0
CA_1,HOUSEHOLD_1_414,HOUSEHOLD,CA,22.585,26.620689655172413,-15.159974093264239,0.0
CA_2,FOODS_1_129,FOODS,CA,9.345238095238095,7.510204081632653,24.43387681159419,10.104529616724738
CA_2,FOODS_1_187,FOODS,CA,28.13684210526316,12.74698795180723,120.73326037210231,10.690423162583508
CA_2,FOODS_3_123,FOODS,CA,5.010948905109489,3.5754716981132075,40.147911330239005,0.0
CA_2,FOODS_3_139,FOODS,CA,9.76865671641791,10.835714285714285,-9.847597870896019,1.0040160642570246
CA_2,FOODS_3_317,FOODS,CA,21.53503184713376,10.25287356321839,110.03898774670819,13.99999999999999
CA_2,FOODS_3_381,FOODS,CA,2.8333333333333335,5.0636363636363635,-44.045481747456606,3.35570469798658
CA_2,FOODS_3_415,FOODS,CA,7.590909090909091,6.731800766283525,12.761939255963162,0.0
CA_2,FOODS_3_440,FOODS,CA,4.9361702127659575,9.796875,-49.61484950286742,8.1967213114754
CA_2,FOODS_3_477,FOODS,CA,27.227272727272727,16.158333333333335,68.50297716723708,6.329113924050624
CA_2,FOODS_3_486,FOODS,CA,5.594936708860759,2.970059880239521,88.3779093507554,13.194444444444443
CA_2,FOODS_3_593,FOODS,CA,5.113475177304965,4.099099099099099,24.746317512274963,3.086419753086423
CA_2,FOODS_3_785,FOODS,CA,23.228571428571428,26.495049504950494,-12.328635490070461,9.999999999999993
CA_2,HOBBIES_1_093,HOBBIES,CA,1.0925925925925926,0.7876712328767124,38.71175523349435,2.0608439646712373
CA_2,HOBBIES_1_201,HOBBIES,CA,8.446601941747574,6.262195121951219,34.88244580784831,8.528428093645482
CA_2,HOBBIES_1_254,HOBBIES,CA,35.29761904761905,34.056603773584904,3.64397836697008,2.85714285714286
CA_2,HOBBIES_1_287,HOBBIES,CA,3.8376068376068377,2.23728813559322,71.52939652939656,7.299270072992709
CA_2,HOBBIES_2_008,HOBBIES,CA,0.5445544554455446,0.6107784431137725,-10.842554843719665,2.8350515463917496
CA_2,HOBBIES_2_017,HOBBIES,CA,1.3555555555555556,1.0,35.555555555555564,12.280701754385957
CA_2,HOUSEHOLD_1_414,HOUSEHOLD,CA,31.166666666666668,27.971014492753625,11.424870466321234,0.0
CA_2,HOUSEHOLD_1_462,HOUSEHOLD,CA,14.928571428571429,15.337837837837839,-2.6683448709880486,0.421940928270052
CA_3,FOODS_1_125,FOODS,CA,7.397435897435898,6.333333333333333,16.8016194331984,6.024096385542183
CA_3,FOODS_1_129,FOODS,CA,11.416666666666666,7.714285714285714,47.99382716049381,10.104529616724738
CA_3,FOODS_1_137,FOODS,CA,24.419354838709676,39.45454545454545,-38.10762598483722,1.52284263959391
CA_3,FOODS_1_187,FOODS,CA,17.69191919191919,12.753424657534246,38.72288947476916,10.690423162583508
CA_3,FOODS_2_072,FOODS,CA,5.680412371134021,9.485875706214689,-40.11715368131497,13.194444444444443
CA_3,FOODS_3_002,FOODS,CA,18.596774193548388,17.916030534351144,3.7996343994392445,0.0
CA_3,FOODS_3_123,FOODS,CA,4.328671328671328,9.885496183206106,-56.21189621189622,8.064516129032265
CA_3,FOODS_3_139,FOODS,CA,21.473684210526315,21.106382978723403,1.7402376910017114,1.0040160642570246
CA_3,FOODS_3_317,FOODS,CA,23.562189054726367,20.671232876712327,13.985407620611333,8.000000000000007
CA_3,FOODS_3_381,FOODS,CA,1.5172413793103448,20.84313725490196,-92.7206669478055,16.10738255033557
CA_3,FOODS_3_415,FOODS,CA,12.907630522088354,13.693333333333333,-5.737849157095765,0.0
CA_3,FOODS_3_440,FOODS,CA,12.16326530612245,13.234375,-8.093390839216442,8.1967213114754
CA_3,FOODS_3_477,FOODS,CA,36.18181818181818,30.491666666666667,18.66133320082486,6.329113924050624
CA_3,FOODS_3_486,FOODS,CA,5.631578947368421,4.878787878787879,15.429879045439687,14.728682170542628
CA_3,FOODS_3_593,FOODS,CA,5.325842696629214,4.63063063063063,15.013334499191199,10.802469135802472
CA_3,FOODS_3_785,FOODS,CA,64.62650602409639,73.56435643564356,-12.149702443691313,9.999999999999993
CA_3,HOBBIES_1_093,HOBBIES,CA,1.76,1.2733333333333334,38.2198952879581,0.5152109911678137
CA_3,HOBBIES_1_201,HOBBIES,CA,21.11340206185567,13.536585365853659,55.972880096591425,8.528428093645482
CA_3,HOBBIES_1_254,HOBBIES,CA,80.06470588235294,71.00961538461539,12.751921621729245,2.85714285714286
CA_3,HOBBIES_1_424,HOBBIES,CA,6.313868613138686,6.443181818181818,-2.0069774327681977,0.0
CA_3,HOBBIES_2_008,HOBBIES,CA,1.08,0.7261904761904762,48.721311475409856,2.8350515463917496
CA_3,HOBBIES_2_017,HOBBIES,CA,2.888888888888889,1.1727272727272726,146.3393626184324,12.280701754385957
CA_3,HOUSEHOLD_1_256,HOUSEHOLD,CA,15.55109489051095,16.49411764705882,-5.717327696616914,0.0
CA_3,HOUSEHOLD_1_414,HOUSEHOLD,CA,50.82587064676617,54.004975124378106,-5.886688162137254,0.0
CA_3,HOUSEHOLD_1_462,HOUSEHOLD,CA,67.93548387096774,34.682432432432435,95.87865990460209,0.421940928270052
CA_3,HOUSEHOLD_2_158,HOUSEHOLD,CA,1.4375,1.6340425531914893,-12.027994791666663,0.0
CA_3,HOUSEHOLD_2_194,HOUSEHOLD,CA,1.7457627118644068,1.75,-0.2421307506053294,0.0
CA_3,HOUSEHOLD_2_267,HOUSEHOLD,CA,2.5789473684210527,2.5478260869565217,1.2214837434884274,0.0
CA_3,HOUSEHOLD_2_347,HOUSEHOLD,CA,3.276315789473684,7.311475409836065,-55.1894028793958,5.928411633109633
CA_3,HOUSEHOLD_2_438,HOUSEHOLD,CA,8.894444444444444,8.914893617021276,-0.22938212675682745,1.1273957158962957
TX_1,FOODS_1_125,FOODS,TX,3.0483870967741935,2.1911764705882355,39.121021866204785,5.681818181818195
TX_1,FOODS_1_129,FOODS,TX,40.53947368421053,11.053763440860216,266.74815687077614,7.407407407407428
TX_1,FOODS_1_137,FOODS,TX,14.13978494623656,18.329545454545453,-22.857961855621987,1.52284263959391
TX_1,FOODS_1_187,FOODS,TX,5.3,6.867469879518072,-22.82456140350878,10.690423162583508
TX_1,FOODS_2_072,FOODS,TX,3.0,2.761467889908257,8.637873754152814,0.0
TX_1,FOODS_3_002,FOODS,TX,12.040650406504065,11.496124031007753,4.736608391033337,0.0
TX_1,FOODS_3_010,FOODS,TX,2.3867924528301887,2.62,-8.901051418695094,2.158273381294966
TX_1,FOODS_3_123,FOODS,TX,1.6926070038910506,1.6996336996336996,-0.4134241245136172,0.0
TX_1,FOODS_3_139,FOODS,TX,4.74,4.217741935483871,12.382409177820275,1.014198782961457
TX_1,FOODS_3_317,FOODS,TX,4.925,2.7875,76.68161434977576,13.99999999999999
TX_1,FOODS_3_415,FOODS,TX,5.744855967078189,5.648979591836735,1.6972335212540601,0.0
TX_1,FOODS_3_440,FOODS,TX,2.6808510638297873,2.328125,15.150649721547914,8.1967213114754
TX_1,FOODS_3_477,FOODS,TX,18.25242718446602,17.123853211009173,6.590654332000856,0.0
TX_1,FOODS_3_486,FOODS,TX,3.358974358974359,1.9642857142857142,71.00233100233102,13.194444444444443
TX_1,FOODS_3_593,FOODS,TX,1.8828125,2.316666666666667,-18.72751798561152,5.401234567901243
TX_1,FOODS_3_785,FOODS,TX,42.595238095238095,26.692307692307693,59.578701797721955,11.999999999999995
TX_1,HOBBIES_1_038,HOBBIES,TX,1.2992700729927007,1.5588235294117647,-16.65059909103429,1.5772870662460792
TX_1,HOBBIES_1_201,HOBBIES,TX,13.248520710059172,10.875,21.825477793647565,4.81927710843374
TX_1,HOBBIES_1_254,HOBBIES,TX,27.51764705882353,25.557692307692307,7.668746957022088,2.85714285714286
TX_1,HOBBIES_1_287,HOBBIES,TX,2.4551724137931035,2.0185185185185186,21.632394811768417,5.8823529411764595
TX_1,HOBBIES_1_424,HOBBIES,TX,4.2846715328467155,4.166037735849057,2.847640960541642,0.0
TX_1,HOBBIES_2_008,HOBBIES,TX,0.8666666666666667,0.9814814814814815,-11.698113207547166,2.8350515463917496
TX_1,HOBBIES_2_017,HOBBIES,TX,1.3222222222222222,0.7363636363636363,79.56104252400549,12.280701754385957
TX_1,HOBBIES_2_120,HOBBIES,TX,2.627737226277372,2.6810344827586206,-1.9879362546060486,0.0
TX_1,HOUSEHOLD_1_256,HOUSEHOLD,TX,0.9130434782608695,6.175609756097561,-85.21533072326396,12.185929648241208
TX_1,HOUSEHOLD_1_330,HOUSEHOLD,TX,6.410714285714286,6.348214285714286,0.9845288326300938,0.0
TX_1,HOUSEHOLD_1_460,HOUSEHOLD,TX,3.855769230769231,9.82716049382716,-60.76415732508698,3.3505154639175347
TX_1,HOUSEHOLD_1_462,HOUSEHOLD,TX,12.956521739130435,7.746478873239437,67.25691699604744,5.718085106382975
TX_1,HOUSEHOLD_2_334,HOUSEHOLD,TX,0.46153846153846156,2.030534351145038,-77.27009832272991,0.3367003367003295
TX_2,FOODS_1_129,FOODS,TX,41.12,18.93617021276596,117.1505617977528,7.407407407407428
TX_2,FOODS_1_187,FOODS,TX,7.926315789473684,5.261904761904762,50.635865682305315,10.690423162583508
TX_2,FOODS_2_072,FOODS,TX,3.0092165898617513,2.8513513513513513,5.536505995151475,0.0
TX_2,FOODS_3_002,FOODS,TX,11.290322580645162,10.641221374045802,6.099875040496139,0.0
TX_2,FOODS_3_123,FOODS,TX,1.9958847736625513,1.8686131386861313,6.811021090534974,0.0
TX_2,FOODS_3_139,FOODS,TX,7.3355704697986575,7.192,1.9962523609379446,1.014198782961457
TX_2,FOODS_3_317,FOODS,TX,5.58282208588957,13.95,-59.97976999362316,13.99999999999999
TX_2,FOODS_3_415,FOODS,TX,8.987704918032787,8.023255813953488,12.020669992872413,0.0
TX_2,FOODS_3_440,FOODS,TX,2.5416666666666665,2.5,1.6666666666666607,8.1967213114754
TX_2,FOODS_3_477,FOODS,TX,50.64251207729468,42.06422018348624,20.393322059435558,0.0
TX_2,FOODS_3_486,FOODS,TX,4.407407407407407,2.536144578313253,73.78376000703793,13.194444444444443
TX_2,FOODS_3_514,FOODS,TX,1.3609022556390977,1.368421052631579,-0.5494505494505586,0.0
TX_2,FOODS_3_593,FOODS,TX,3.574468085106383,2.963963963963964,20.597555454956982,3.086419753086423
TX_2,FOODS_3_785,FOODS,TX,57.87179487179487,37.08510638297872,56.05131147299822,11.999999999999995
TX_2,HOBBIES_1_025,HOBBIES,TX,4.9480519480519485,3.07185628742515,61.07693476114528,6.03015075376885
TX_2,HOBBIES_1_038,HOBBIES,TX,3.162962962962963,3.318840579710145,-4.696749150897627,1.5527950310559226
TX_2,HOBBIES_1_201,HOBBIES,TX,12.282352941176471,13.718446601941748,-10.468340202322967,4.81927710843374
TX_2,HOBBIES_1_254,HOBBIES,TX,35.218934911242606,20.895238095238096,68.5500531303771,2.85714285714286
TX_2,HOBBIES_1_424,HOBBIES,TX,4.934306569343065,4.882575757575758,1.0594983946135894,0.0
TX_2,HOBBIES_2_008,HOBBIES,TX,1.7216494845360826,1.5976331360946745,7.762504772814061,2.8350515463917496
TX_2,HOBBIES_2_017,HOBBIES,TX,2.101123595505618,2.482142857142857,-15.350416296176538,12.280701754385957
TX_2,HOUSEHOLD_1_256,HOUSEHOLD,TX,8.171532846715328,8.042471042471043,1.6047531108627,0.0
TX_2,HOUSEHOLD_1_460,HOUSEHOLD,TX,5.740384615384615,13.925925925925926,-58.77915302782324,3.3505154639175347
TX_2,HOUSEHOLD_1_462,HOUSEHOLD,TX,13.53623188405797,8.555555555555555,58.215697346132124,5.851063829787239
TX_2,HOUSEHOLD_2_158,HOUSEHOLD,TX,0.8051470588235294,0.7962962962962963,1.1114911080711387,0.0
TX_2,HOUSEHOLD_2_184,HOUSEHOLD,TX,2.6298342541436464,2.4086021505376345,9.185082872928163,0.510204081632665
TX_2,HOUSEHOLD_2_330,HOUSEHOLD,TX,1.0337078651685394,1.04,-0.6050129645635227,0.0
TX_2,HOUSEHOLD_2_347,HOUSEHOLD,TX,0.9854014598540146,1.9635036496350364,-49.81412639405204,5.757740358500827
WI_1,FOODS_1_129,FOODS,WI,14.056338028169014,4.869565217391305,188.65694164989938,20.1181592039801
WI_1,FOODS_1_187,FOODS,WI,7.722513089005235,3.602409638554217,114.37076467807175,10.690423162583508
WI_1,FOODS_2_072,FOODS,WI,6.125,5.605839416058394,9.261067708333325,13.194444444444443
WI_1,FOODS_3_010,FOODS,WI,8.70754716981132,10.058823529411764,-13.433741586671077,2.158273381294966
WI_1,FOODS_3_123,FOODS,WI,3.667883211678832,3.188679245283019,15.028290070401251,0.0
WI_1,FOODS_3_139,FOODS,WI,10.075757575757576,9.55,5.505314929398697,0.0
WI_1,FOODS_3_317,FOODS,WI,21.961783439490446,7.8352941176470585,180.2930318853886,13.99999999999999
WI_1,FOODS_3_415,FOODS,WI,5.637860082304527,5.619433198380567,0.3279135683874612,0.0
WI_1,FOODS_3_440,FOODS,WI,2.8297872340425534,3.2857142857142856,-13.876040703052716,8.1967213114754
WI_1,FOODS_3_477,FOODS,WI,21.12621359223301,20.58256880733945,2.6412873435880613,0.0
WI_1,FOODS_3_486,FOODS,WI,3.6962025316455698,3.089820359281437,19.625159454420583,13.194444444444443
WI_1,FOODS_3_593,FOODS,WI,1.6971830985915493,2.618181818181818,-35.177034428795,3.086419753086423
WI_1,HOBBIES_1_025,HOBBIES,WI,5.69811320754717,2.880952380952381,97.7857476999844,6.03015075376885
WI_1,HOBBIES_1_090,HOBBIES,WI,14.473684210526315,13.055555555555555,10.8622620380739,10.204081632653082
WI_1,HOBBIES_1_093,HOBBIES,WI,3.2264150943396226,2.9054054054054053,11.048705572619566,2.0608439646712373
WI_1,HOBBIES_1_201,HOBBIES,WI,0.8904109589041096,0.4016393442622951,121.69415711490075,2.925045703839109
WI_1,HOBBIES_1_210,HOBBIES,WI,3.016949152542373,2.63125,14.658400096622248,6.972789115646261
WI_1,HOBBIES_1_254,HOBBIES,WI,16.113095238095237,12.70754716981132,26.79941315798777,2.85714285714286
WI_1,HOBBIES_1_287,HOBBIES,WI,2.891304347826087,1.0571428571428572,173.5017626321974,8.680555555555555
WI_1,HOBBIES_1_353,HOBBIES,WI,14.5,14.81132075471698,-2.1019108280254772,10.204081632653082
WI_1,HOBBIES_1_393,HOBBIES,WI,5.133333333333334,4.081818181818182,25.76095025983667,3.4185082872928243
WI_1,HOBBIES_1_424,HOBBIES,WI,9.178832116788321,8.922131147540984,2.8771261596853615,0.0
WI_1,HOBBIES_2_008,HOBBIES,WI,0.5876288659793815,0.8117647058823529,-27.610936799641415,2.8350515463917496
WI_1,HOBBIES_2_017,HOBBIES,WI,2.2333333333333334,0.6936936936936937,221.94805194805193,12.280701754385957
WI_1,HOBBIES_2_079,HOBBIES,WI,0.6337448559670782,0.5906735751295337,7.291892282145707,0.0
WI_1,HOUSEHOLD_1_414,HOUSEHOLD,WI,24.663366336633665,25.115,-1.7982626452969663,0.0
WI_1,HOUSEHOLD_1_462,HOUSEHOLD,WI,5.4393939393939394,1.6690140845070423,225.9046157780335,0.421940928270052
WI_1,HOUSEHOLD_2_334,HOUSEHOLD,WI,1.0974358974358975,1.240506329113924,-11.533228676085805,0.671140939597316
WI_1,HOUSEHOLD_2_438,HOUSEHOLD,WI,2.3777777777777778,1.7934782608695652,32.579124579124574,1.1273957158962957
WI_2,FOODS_1_129,FOODS,WI,18.768115942028984,8.011111111111111,134.27606585056986,19.69221105527638
WI_2,FOODS_1_187,FOODS,WI,7.951612903225806,5.464285714285714,45.51971326164874,10.690423162583508
WI_2,FOODS_2_072,FOODS,WI,8.510204081632653,8.026845637583893,6.021773257798091,0.0
WI_2,FOODS_3_123,FOODS,WI,3.065693430656934,3.2429906542056073,-5.467090178590206,0.0
WI_2,FOODS_3_139,FOODS,WI,15.443609022556391,17.23404255319149,-10.388935301216007,1.0040160642570246
WI_2,FOODS_3_317,FOODS,WI,7.975,3.090909090909091,158.01470588235293,13.99999999999999
WI_2,FOODS_3_415,FOODS,WI,11.066115702479339,10.335877862595419,7.065078066823749,0.0
WI_2,FOODS_3_440,FOODS,WI,1.391304347826087,1.78125,-21.891685736079335,8.1967213114754
WI_2,FOODS_3_477,FOODS,WI,3.9583333333333335,15.074257425742575,-73.74110563765737,6.329113924050639
WI_2,FOODS_3_486,FOODS,WI,2.576923076923077,1.0118343195266273,154.6783625730994,13.194444444444443
WI_2,FOODS_3_593,FOODS,WI,2.2714285714285714,2.135135135135135,6.38336347197106,3.086419753086423
WI_2,HOBBIES_1_025,HOBBIES,WI,2.3523809523809525,1.8273809523809523,28.729641693811093,6.03015075376885
WI_2,HOBBIES_1_093,HOBBIES,WI,0.7897435897435897,0.8095238095238095,-2.4434389140271517,0.0
WI_2,HOBBIES_1_201,HOBBIES,WI,6.024096385542169,4.7913669064748206,25.72813777633054,2.919708029197067
WI_2,HOBBIES_1_210,HOBBIES,WI,2.0161290322580645,2.859872611464968,-29.502837847546527,6.972789115646261
WI_2,HOBBIES_1_254,HOBBIES,WI,10.668874172185431,8.869918699186991,20.281532830321545,2.85714285714286
WI_2,HOBBIES_1_287,HOBBIES,WI,3.7717391304347827,0.17647058823529413,2037.3188405797102,8.680555555555555
WI_2,HOBBIES_1_393,HOBBIES,WI,1.3958333333333333,1.6036036036036037,-12.956460674157311,0.0
WI_2,HOBBIES_1_424,HOBBIES,WI,2.375912408759124,2.2522522522522523,5.490510948905092,0.0
WI_2,HOBBIES_2_008,HOBBIES,WI,0.7857142857142857,0.6568047337278107,19.626769626769615,2.8350515463917496
WI_2,HOBBIES_2_017,HOBBIES,WI,1.3820224719101124,1.0740740740740742,28.67105772956218,12.280701754385957
WI_2,HOBBIES_2_120,HOBBIES,WI,1.62015503875969,1.644,-1.4504234331088828,0.0
WI_2,HOUSEHOLD_1_414,HOUSEHOLD,WI,24.71356783919598,26.110576923076923,-5.350357014311102,0.0
WI_2,HOUSEHOLD_1_462,HOUSEHOLD,WI,18.221052631578946,21.14965986394558,-13.847065395879543,0.421940928270052
WI_2,HOUSEHOLD_2_334,HOUSEHOLD,WI,1.1,1.6514285714285715,-33.391003460207614,0.3355704697986506
WI_2,HOUSEHOLD_2_347,HOUSEHOLD,WI,0.5815602836879432,0.8872180451127819,-34.45125616059622,5.928411633109633
WI_2,HOUSEHOLD_2_438,HOUSEHOLD,WI,2.3646408839779007,1.6666666666666667,41.87845303867404,1.1273957158962957
