store_id,item_id,n_obs,n_negative_fixed,n_outliers,n_stockout_days,winsor_lower,winsor_upper,mean_sales,max_sales,risk_score
TX_1,HOUSEHOLD_2_330,1913,0,0,1818,0.0,4.4478,0.0193413486670151,2.0,0.9503397804495557
WI_2,HOUSEHOLD_2_307,1913,0,0,1815,0.0,4.4478,0.014636696288552,2.0,0.9487715629900679
WI_2,HOUSEHOLD_2_120,1913,0,0,1805,0.0,4.4478,0.0177731312075274,2.0,0.9435441714584423
TX_2,HOUSEHOLD_2_334,1913,0,0,1783,0.0,4.4478,0.0287506534239414,3.0,0.9320439100888657
TX_1,HOUSEHOLD_2_120,1913,0,0,1744,0.0,4.4478,0.0240460010454783,2.0,0.9116570831155254
TX_1,HOUSEHOLD_2_307,1913,0,0,1731,0.0,4.4478,0.0203868269733403,2.0,0.9048614741244119
CA_2,HOUSEHOLD_2_307,1913,0,0,1692,0.0,4.4478,0.0444328280188186,3.0,0.8844746471510716
WI_2,HOUSEHOLD_2_330,1913,0,0,1667,0.0,4.4478,0.0303188708834291,3.0,0.8714061683220073
WI_2,HOBBIES_2_079,1913,0,0,1663,0.0,4.4478,0.0371144798745426,3.0,0.869315211709357
WI_1,HOUSEHOLD_2_307,1913,0,0,1660,0.0,4.4478,0.0376372190277051,2.0,0.8677469942498693
CA_1,HOUSEHOLD_2_120,1913,0,0,1660,0.0,4.4478,0.0449555671719811,3.0,0.8677469942498693
CA_2,FOODS_2_072,1913,0,14,1655,0.0,4.4478,0.1548715107161526,4.4478,0.8651332984840564
TX_1,HOUSEHOLD_1_104,1913,0,0,1646,0.0,4.4478,0.0392054364871928,2.0,0.8604286461055933
TX_2,HOBBIES_1_385,1913,0,0,1640,0.0,4.4478,0.0527966544694197,3.0,0.8572922111866179
TX_1,HOBBIES_2_079,1913,0,0,1627,0.0,4.4478,0.03659174072138,3.0,0.8504966021955045
TX_2,HOUSEHOLD_2_307,1913,0,0,1614,0.0,4.4478,0.058546785154208,3.0,0.843700993204391
TX_1,HOUSEHOLD_1_308,1913,0,0,1591,0.0,4.4478,0.0559330893883951,3.0,0.8316779926816519
TX_2,HOUSEHOLD_1_104,1913,0,0,1588,0.0,4.4478,0.043910088865656,4.0,0.8301097752221641
TX_1,HOBBIES_1_269,1913,0,0,1588,0.0,4.4478,0.0345007841087297,3.0,0.8301097752221641
TX_2,HOUSEHOLD_2_120,1913,0,0,1574,0.0,4.4478,0.051228437009932,4.0,0.8227914270778881
CA_2,HOUSEHOLD_1_308,1913,0,0,1561,0.0,4.4478,0.0611604809200209,3.0,0.8159958180867747
TX_1,HOBBIES_2_005,1913,0,0,1556,0.0,4.4478,0.0449555671719811,2.0,0.8133821223209619
CA_1,HOUSEHOLD_1_308,1913,0,0,1553,0.0,4.4478,0.0883429168844746,3.0,0.8118139048614741
CA_3,HOBBIES_1_269,1913,0,0,1552,0.0,4.4478,0.0601150026136957,3.0,0.8112911657083115
CA_2,HOUSEHOLD_2_120,1913,0,0,1548,0.0,4.4478,0.0742289597490852,4.0,0.8092002090956613
