model,store_id,date,forecast_units,actual_units
arima,CA_1,2016-03-28,77.43791243531085,65.0
arima,CA_1,2016-03-29,63.30755246186337,49.0
arima,CA_1,2016-03-30,64.42345856243065,59.0
arima,CA_1,2016-03-31,62.5625507510296,62.0
arima,CA_1,2016-04-01,74.4355989467058,82.0
arima,CA_1,2016-04-02,96.84606925077978,78.0
arima,CA_1,2016-04-03,97.3298659356642,101.0
arima,CA_1,2016-04-04,75.52136920283242,70.4478
arima,CA_1,2016-04-05,62.90306644981648,50.0
arima,CA_1,2016-04-06,64.23311826234305,59.0
arima,CA_1,2016-04-07,62.393145306943076,53.0
arima,CA_1,2016-04-08,74.28918764160149,61.0
arima,CA_1,2016-04-09,96.73003005928928,100.0
arima,CA_1,2016-04-10,97.20866908640085,114.0
arima,CA_1,2016-04-11,75.3708348644148,70.4478
arima,CA_1,2016-04-12,62.739176690642495,43.0
arima,CA_1,2016-04-13,64.07163800944674,49.0
arima,CA_1,2016-04-14,62.22769380225907,64.0
arima,CA_1,2016-04-15,74.14375294089467,65.4478
arima,CA_1,2016-04-16,96.61469724884131,109.0
arima,CA_1,2016-04-17,97.08812580305298,85.0
arima,CA_1,2016-04-18,75.22084484508652,56.0
arima,CA_1,2016-04-19,62.57577810697279,49.0
arima,CA_1,2016-04-20,63.910651306224906,68.0
arima,CA_1,2016-04-21,62.062726779255726,55.0
arima,CA_1,2016-04-22,73.99887216484737,71.0
arima,CA_1,2016-04-23,96.50002047889899,111.0
arima,CA_1,2016-04-24,96.96823149071733,134.0
arima,CA_2,2016-03-28,65.70589116286192,60.0
arima,CA_2,2016-03-29,59.45152479909109,61.0
arima,CA_2,2016-03-30,60.00834884922013,57.4478
arima,CA_2,2016-03-31,61.313660915124814,56.0
arima,CA_2,2016-04-01,67.57413772253025,85.4478
arima,CA_2,2016-04-02,87.57942450796378,89.4478
arima,CA_2,2016-04-03,83.25947852977606,128.8956
arima,CA_2,2016-04-04,63.40679467074804,67.4478
arima,CA_2,2016-04-05,59.23961811929019,69.0
arima,CA_2,2016-04-06,60.08992064385953,78.0
arima,CA_2,2016-04-07,61.43451685641611,73.0
arima,CA_2,2016-04-08,67.70420969023725,83.0
arima,CA_2,2016-04-09,87.72204071188756,111.0
arima,CA_2,2016-04-10,83.40050836802752,105.0
arima,CA_2,2016-04-11,63.53679522461263,70.0
arima,CA_2,2016-04-12,59.36716791258971,66.0
arima,CA_2,2016-04-13,60.21780451365284,58.0
arima,CA_2,2016-04-14,61.561744975059696,63.0
arima,CA_2,2016-04-15,67.83518933512882,85.0
arima,CA_2,2016-04-16,87.86482339105942,93.4478
arima,CA_2,2016-04-17,83.54159850842592,96.0
arima,CA_2,2016-04-18,63.666830015352176,54.0
arima,CA_2,2016-04-19,59.49474746812718,54.0
arima,CA_2,2016-04-20,60.34571796229115,60.0
arima,CA_2,2016-04-21,61.68900179886149,45.0
arima,CA_2,2016-04-22,67.96620191284617,70.0
arima,CA_2,2016-04-23,88.00765132910199,128.4478
arima,CA_2,2016-04-24,83.68273211467914,122.0
arima,CA_3,2016-03-28,108.1386529396878,78.0
arima,CA_3,2016-03-29,99.64247551190832,71.0
arima,CA_3,2016-03-30,98.6195898097014,94.0
arima,CA_3,2016-03-31,98.10470295094349,98.0
arima,CA_3,2016-04-01,104.6822232894389,147.0
arima,CA_3,2016-04-02,116.88346607543463,87.0
arima,CA_3,2016-04-03,119.23760131109958,103.0
arima,CA_3,2016-04-04,107.73665524906838,95.0
arima,CA_3,2016-04-05,99.64466406747164,98.0
arima,CA_3,2016-04-06,98.53263407454517,85.0
arima,CA_3,2016-04-07,98.52655963023236,102.0
arima,CA_3,2016-04-08,104.89940270321283,104.0
arima,CA_3,2016-04-09,116.90919623098361,115.0
arima,CA_3,2016-04-10,118.95099991794882,115.0
arima,CA_3,2016-04-11,107.97942369169917,101.0
arima,CA_3,2016-04-12,99.83768338788192,116.0
arima,CA_3,2016-04-13,98.54230170633619,70.0
arima,CA_3,2016-04-14,98.89706619945883,92.0
arima,CA_3,2016-04-15,105.10225563700726,77.0
arima,CA_3,2016-04-16,116.955206975353,112.0
arima,CA_3,2016-04-17,118.7531189386261,117.0
arima,CA_3,2016-04-18,108.19653022180282,120.0
arima,CA_3,2016-04-19,100.01840836177463,71.0
arima,CA_3,2016-04-20,98.58158495718254,85.0
arima,CA_3,2016-04-21,99.21453474340879,113.0
arima,CA_3,2016-04-22,105.29004200756076,96.0
arima,CA_3,2016-04-23,117.01572064930389,155.0
arima,CA_3,2016-04-24,118.62359392955437,131.4478
arima,TX_1,2016-03-28,44.58129395916715,41.4478
arima,TX_1,2016-03-29,45.70525783584446,27.0
arima,TX_1,2016-03-30,45.16573297759173,22.0
arima,TX_1,2016-03-31,44.899772287546355,29.0
arima,TX_1,2016-04-01,45.83400115912873,55.0
arima,TX_1,2016-04-02,51.45306149461727,49.8956
arima,TX_1,2016-04-03,53.389070320295275,54.0
arima,TX_1,2016-04-04,45.80869876637177,31.0
arima,TX_1,2016-04-05,45.8314471612794,19.0
arima,TX_1,2016-04-06,45.017226682078174,48.4478
arima,TX_1,2016-04-07,44.9917277273545,36.0
arima,TX_1,2016-04-08,46.01350073023676,41.0
arima,TX_1,2016-04-09,51.517433534672655,63.0
arima,TX_1,2016-04-10,53.66174734177479,40.0
arima,TX_1,2016-04-11,45.86414939855982,39.0
arima,TX_1,2016-04-12,45.835000143664104,32.0
arima,TX_1,2016-04-13,44.95902999034155,37.0
arima,TX_1,2016-04-14,45.06467339311211,33.0
arima,TX_1,2016-04-15,46.13212089323613,35.0
arima,TX_1,2016-04-16,51.5813971319577,38.0
arima,TX_1,2016-04-17,53.83289626275557,63.0
arima,TX_1,2016-04-18,45.91925826359224,47.0
arima,TX_1,2016-04-19,45.863532898352815,32.0
arima,TX_1,2016-04-20,44.95560679509295,69.0
arima,TX_1,2016-04-21,45.12795425698697,52.0
arima,TX_1,2016-04-22,46.219430644780715,63.0
arima,TX_1,2016-04-23,51.64501064296698,67.0
arima,TX_1,2016-04-24,53.95247618108763,62.4478
arima,TX_2,2016-03-28,57.853899853643654,45.0
arima,TX_2,2016-03-29,52.55208114173686,34.0
arima,TX_2,2016-03-30,53.66427575149514,41.0
arima,TX_2,2016-03-31,52.8059135608593,56.0
arima,TX_2,2016-04-01,58.68761931855944,61.0
arima,TX_2,2016-04-02,67.3708400163133,50.0
arima,TX_2,2016-04-03,68.32135866686451,58.0
arima,TX_2,2016-04-04,57.297027456744836,22.0
arima,TX_2,2016-04-05,52.5249545470582,33.0
arima,TX_2,2016-04-06,53.7346197861455,52.0
arima,TX_2,2016-04-07,52.89451994890868,56.0
arima,TX_2,2016-04-08,58.776551765979704,50.0
arima,TX_2,2016-04-09,67.4562349118467,62.0
arima,TX_2,2016-04-10,68.40566575207782,84.0
arima,TX_2,2016-04-11,57.386273132985266,55.0
arima,TX_2,2016-04-12,52.61983239510556,73.0
arima,TX_2,2016-04-13,53.827742885323495,54.4478
arima,TX_2,2016-04-14,52.98748452383007,56.0
arima,TX_2,2016-04-15,58.86632841897946,57.0
arima,TX_2,2016-04-16,67.54180238612517,67.0
arima,TX_2,2016-04-17,68.49001638892555,66.0
arima,TX_2,2016-04-18,57.47552572351266,47.0
arima,TX_2,2016-04-19,52.71470403388368,67.0
arima,TX_2,2016-04-20,53.920859859000345,43.0
arima,TX_2,2016-04-21,53.08044257707209,56.0
arima,TX_2,2016-04-22,58.9561049749372,69.4478
arima,TX_2,2016-04-23,67.62737836459544,89.0
arima,TX_2,2016-04-24,68.57437867392471,61.0
arima,WI_1,2016-03-28,47.61754457211454,31.0
arima,WI_1,2016-03-29,47.15281438346159,40.0
arima,WI_1,2016-03-30,47.36686645497459,38.0
arima,WI_1,2016-03-31,51.384183438852986,42.0
arima,WI_1,2016-04-01,60.66541529714871,53.0
arima,WI_1,2016-04-02,79.57896752515765,67.0
arima,WI_1,2016-04-03,68.68142814170321,68.0
arima,WI_1,2016-04-04,46.2692238572239,33.0
arima,WI_1,2016-04-05,46.7893566612591,39.0
arima,WI_1,2016-04-06,47.13848396064667,44.0
arima,WI_1,2016-04-07,51.17937049405563,38.0
arima,WI_1,2016-04-08,60.494747505506794,44.0
arima,WI_1,2016-04-09,79.45555606758165,71.4478
arima,WI_1,2016-04-10,68.52706883103384,63.0
arima,WI_1,2016-04-11,46.05578143263649,38.0
arima,WI_1,2016-04-12,46.580928452520205,30.0
arima,WI_1,2016-04-13,46.930658510581125,26.0
arima,WI_1,2016-04-14,50.977122007341,32.0
arima,WI_1,2016-04-15,60.32436674309689,30.0
arima,WI_1,2016-04-16,79.33226075028342,41.4478
arima,WI_1,2016-04-17,68.37267004259876,62.0
arima,WI_1,2016-04-18,45.842093717002754,45.0
arima,WI_1,2016-04-19,46.37228484509297,33.0
arima,WI_1,2016-04-20,46.722616855379954,55.0
arima,WI_1,2016-04-21,50.77466081209555,48.0
arima,WI_1,2016-04-22,60.1539032659096,69.0
arima,WI_1,2016-04-23,79.20903356048052,68.0
arima,WI_1,2016-04-24,68.21822604500785,72.0
arima,WI_2,2016-03-28,56.66142295149839,30.0
arima,WI_2,2016-03-29,57.07243839157765,38.4478
arima,WI_2,2016-03-30,57.74328488304774,35.0
arima,WI_2,2016-03-31,56.75606070858933,61.0
arima,WI_2,2016-04-01,57.36997827025975,42.0
arima,WI_2,2016-04-02,58.496904005589,58.0
arima,WI_2,2016-04-03,57.2664884126165,66.0
arima,WI_2,2016-04-04,57.47221730898998,50.0
arima,WI_2,2016-04-05,57.43783636421191,42.0
arima,WI_2,2016-04-06,57.329966473496626,70.0
arima,WI_2,2016-04-07,57.11649180094969,57.0
arima,WI_2,2016-04-08,57.48614415518436,49.0
arima,WI_2,2016-04-09,57.69664644841007,55.4478
arima,WI_2,2016-04-10,57.501062670112304,44.8956
arima,WI_2,2016-04-11,57.26305187773509,66.0
arima,WI_2,2016-04-12,57.38461734132727,69.0
arima,WI_2,2016-04-13,57.363024928660295,42.0
arima,WI_2,2016-04-14,57.20534333693766,40.0
arima,WI_2,2016-04-15,57.4520437693665,47.0
arima,WI_2,2016-04-16,57.507650457485454,46.0
arima,WI_2,2016-04-17,57.51480578119404,49.4478
arima,WI_2,2016-04-18,57.26570113274374,43.0
arima,WI_2,2016-04-19,57.38201061938618,41.0
arima,WI_2,2016-04-20,57.348761636753665,41.0
arima,WI_2,2016-04-21,57.261272647282325,53.0
arima,WI_2,2016-04-22,57.43330284386842,64.0
arima,WI_2,2016-04-23,57.43194805095137,55.0
arima,WI_2,2016-04-24,57.48913681752212,54.8956
lightgbm,CA_1,2016-03-28,64.72798301280153,65.0
lightgbm,CA_1,2016-03-29,63.45636524017807,49.0
lightgbm,CA_1,2016-03-30,60.35077795619356,59.0
lightgbm,CA_1,2016-03-31,62.96935606404453,62.0
lightgbm,CA_1,2016-04-01,74.52337066119804,82.0
lightgbm,CA_1,2016-04-02,94.45101538697463,78.0
lightgbm,CA_1,2016-04-03,85.70524726998127,101.0
lightgbm,CA_1,2016-04-04,67.93833735398408,70.4478
lightgbm,CA_1,2016-04-05,64.80916075792898,50.0
lightgbm,CA_1,2016-04-06,61.220476837550095,59.0
lightgbm,CA_1,2016-04-07,64.74344169064614,53.0
lightgbm,CA_1,2016-04-08,71.31150150834127,61.0
lightgbm,CA_1,2016-04-09,94.25820992732407,100.0
lightgbm,CA_1,2016-04-10,91.38504253359986,114.0
lightgbm,CA_1,2016-04-11,68.46581004168323,70.4478
lightgbm,CA_1,2016-04-12,62.74374359925374,43.0
lightgbm,CA_1,2016-04-13,59.52646279982277,49.0
lightgbm,CA_1,2016-04-14,59.81266025505465,64.0
lightgbm,CA_1,2016-04-15,70.8317839335416,65.4478
lightgbm,CA_1,2016-04-16,86.58535738238857,109.0
lightgbm,CA_1,2016-04-17,92.10446836897579,85.0
lightgbm,CA_1,2016-04-18,65.07473494450772,56.0
lightgbm,CA_1,2016-04-19,58.73890510493787,49.0
lightgbm,CA_1,2016-04-20,59.676829315231075,68.0
lightgbm,CA_1,2016-04-21,61.17487825854021,55.0
lightgbm,CA_1,2016-04-22,69.76348065405274,71.0
lightgbm,CA_1,2016-04-23,93.52111186732292,111.0
lightgbm,CA_1,2016-04-24,90.84797193196633,134.0
lightgbm,CA_2,2016-03-28,62.8553736999206,60.0
lightgbm,CA_2,2016-03-29,55.33912220782537,61.0
lightgbm,CA_2,2016-03-30,57.02365168428108,57.4478
lightgbm,CA_2,2016-03-31,58.82886762597684,56.0
lightgbm,CA_2,2016-04-01,69.60692045041549,85.4478
lightgbm,CA_2,2016-04-02,84.38583108948664,89.4478
lightgbm,CA_2,2016-04-03,83.33616658387102,128.8956
lightgbm,CA_2,2016-04-04,69.68326004652815,67.4478
lightgbm,CA_2,2016-04-05,64.01887450366948,69.0
lightgbm,CA_2,2016-04-06,63.7573153535111,78.0
lightgbm,CA_2,2016-04-07,66.5958986323187,73.0
lightgbm,CA_2,2016-04-08,76.05852249373369,83.0
lightgbm,CA_2,2016-04-09,94.9748326984049,111.0
lightgbm,CA_2,2016-04-10,100.08588457552464,105.0
lightgbm,CA_2,2016-04-11,69.81798450977618,70.0
lightgbm,CA_2,2016-04-12,65.49486280790606,66.0
lightgbm,CA_2,2016-04-13,65.65084493689984,58.0
lightgbm,CA_2,2016-04-14,66.73646260248093,63.0
lightgbm,CA_2,2016-04-15,74.31363862242871,85.0
lightgbm,CA_2,2016-04-16,90.67759598582938,93.4478
lightgbm,CA_2,2016-04-17,89.78852568051114,96.0
lightgbm,CA_2,2016-04-18,68.74498011893732,54.0
lightgbm,CA_2,2016-04-19,59.996712998447904,54.0
lightgbm,CA_2,2016-04-20,61.21445558277253,60.0
lightgbm,CA_2,2016-04-21,60.56209331353148,45.0
lightgbm,CA_2,2016-04-22,67.95576012105677,70.0
lightgbm,CA_2,2016-04-23,88.2329046558622,128.4478
lightgbm,CA_2,2016-04-24,92.52824183967084,122.0
lightgbm,CA_3,2016-03-28,92.93548380405865,78.0
lightgbm,CA_3,2016-03-29,87.443327127499,71.0
lightgbm,CA_3,2016-03-30,86.84495922875058,94.0
lightgbm,CA_3,2016-03-31,100.01462397692774,98.0
lightgbm,CA_3,2016-04-01,115.66295264850399,147.0
lightgbm,CA_3,2016-04-02,123.88074093484605,87.0
lightgbm,CA_3,2016-04-03,119.2109362120309,103.0
lightgbm,CA_3,2016-04-04,102.9379285197158,95.0
lightgbm,CA_3,2016-04-05,97.95012944434161,98.0
lightgbm,CA_3,2016-04-06,97.89050779763798,85.0
lightgbm,CA_3,2016-04-07,93.4182445553637,102.0
lightgbm,CA_3,2016-04-08,104.08260532831633,104.0
lightgbm,CA_3,2016-04-09,113.82531610484041,115.0
lightgbm,CA_3,2016-04-10,115.55096098415271,115.0
lightgbm,CA_3,2016-04-11,96.51047172218519,101.0
lightgbm,CA_3,2016-04-12,91.46621776851603,116.0
lightgbm,CA_3,2016-04-13,86.149689950524,70.0
lightgbm,CA_3,2016-04-14,86.20960403588917,92.0
lightgbm,CA_3,2016-04-15,98.89073339130985,77.0
lightgbm,CA_3,2016-04-16,106.90276444326504,112.0
lightgbm,CA_3,2016-04-17,111.16911271822073,117.0
lightgbm,CA_3,2016-04-18,91.43943588110292,120.0
lightgbm,CA_3,2016-04-19,85.23381114262506,71.0
lightgbm,CA_3,2016-04-20,83.85912014316767,85.0
lightgbm,CA_3,2016-04-21,88.19980266803218,113.0
lightgbm,CA_3,2016-04-22,102.50408069119783,96.0
lightgbm,CA_3,2016-04-23,111.71954055671549,155.0
lightgbm,CA_3,2016-04-24,118.7693633437115,131.4478
lightgbm,TX_1,2016-03-28,38.75349818067963,41.4478
lightgbm,TX_1,2016-03-29,37.97724456291606,27.0
lightgbm,TX_1,2016-03-30,35.47524100750072,22.0
lightgbm,TX_1,2016-03-31,34.645582424688634,29.0
lightgbm,TX_1,2016-04-01,42.25288609224759,55.0
lightgbm,TX_1,2016-04-02,52.86670118710656,49.8956
lightgbm,TX_1,2016-04-03,52.77338465250676,54.0
lightgbm,TX_1,2016-04-04,37.53560381881844,31.0
lightgbm,TX_1,2016-04-05,36.13800479074588,19.0
lightgbm,TX_1,2016-04-06,35.088294702012796,48.4478
lightgbm,TX_1,2016-04-07,40.33910858600379,36.0
lightgbm,TX_1,2016-04-08,42.48651282467122,41.0
lightgbm,TX_1,2016-04-09,49.7835185255976,63.0
lightgbm,TX_1,2016-04-10,51.262090231286045,40.0
lightgbm,TX_1,2016-04-11,38.42835667169017,39.0
lightgbm,TX_1,2016-04-12,37.31761650247468,32.0
lightgbm,TX_1,2016-04-13,36.532552708696265,37.0
lightgbm,TX_1,2016-04-14,38.200989017582316,33.0
lightgbm,TX_1,2016-04-15,42.35364126116537,35.0
lightgbm,TX_1,2016-04-16,46.82459277648731,38.0
lightgbm,TX_1,2016-04-17,46.630639386916144,63.0
lightgbm,TX_1,2016-04-18,35.45296530130079,47.0
lightgbm,TX_1,2016-04-19,36.920065992674786,32.0
lightgbm,TX_1,2016-04-20,36.85846736097203,69.0
lightgbm,TX_1,2016-04-21,41.97036307583146,52.0
lightgbm,TX_1,2016-04-22,45.79502831394593,63.0
lightgbm,TX_1,2016-04-23,54.736893239214545,67.0
lightgbm,TX_1,2016-04-24,57.55263030338322,62.4478
lightgbm,TX_2,2016-03-28,43.5027900339572,45.0
lightgbm,TX_2,2016-03-29,41.55815948124632,34.0
lightgbm,TX_2,2016-03-30,40.150341473211725,41.0
lightgbm,TX_2,2016-03-31,40.45487355856012,56.0
lightgbm,TX_2,2016-04-01,50.34193233809712,61.0
lightgbm,TX_2,2016-04-02,59.10831997100627,50.0
lightgbm,TX_2,2016-04-03,56.43923776706343,58.0
lightgbm,TX_2,2016-04-04,45.07395154751141,22.0
lightgbm,TX_2,2016-04-05,40.09633101907298,33.0
lightgbm,TX_2,2016-04-06,40.70148667927928,52.0
lightgbm,TX_2,2016-04-07,44.699804148007004,56.0
lightgbm,TX_2,2016-04-08,48.626771462489245,50.0
lightgbm,TX_2,2016-04-09,57.42097734861561,62.0
lightgbm,TX_2,2016-04-10,58.06999230744398,84.0
lightgbm,TX_2,2016-04-11,46.71654828023991,55.0
lightgbm,TX_2,2016-04-12,45.77478598395575,73.0
lightgbm,TX_2,2016-04-13,49.96204182010795,54.4478
lightgbm,TX_2,2016-04-14,48.422694153584935,56.0
lightgbm,TX_2,2016-04-15,55.85107009906321,57.0
lightgbm,TX_2,2016-04-16,63.38624424159943,67.0
lightgbm,TX_2,2016-04-17,63.21187408777633,66.0
lightgbm,TX_2,2016-04-18,50.8915295106028,47.0
lightgbm,TX_2,2016-04-19,48.08186036946606,67.0
lightgbm,TX_2,2016-04-20,51.32770824119962,43.0
lightgbm,TX_2,2016-04-21,47.33181231783584,56.0
lightgbm,TX_2,2016-04-22,53.768545821693955,69.4478
lightgbm,TX_2,2016-04-23,64.81955685680286,89.0
lightgbm,TX_2,2016-04-24,68.34787150722903,61.0
lightgbm,WI_1,2016-03-28,38.58581119389139,31.0
lightgbm,WI_1,2016-03-29,33.996747608573706,40.0
lightgbm,WI_1,2016-03-30,38.15510240600328,38.0
lightgbm,WI_1,2016-03-31,36.316848918337776,42.0
lightgbm,WI_1,2016-04-01,44.212935389631596,53.0
lightgbm,WI_1,2016-04-02,55.22281443394667,67.0
lightgbm,WI_1,2016-04-03,52.53394706044402,68.0
lightgbm,WI_1,2016-04-04,41.19968307560082,33.0
lightgbm,WI_1,2016-04-05,36.80623529429989,39.0
lightgbm,WI_1,2016-04-06,38.657024683362806,44.0
lightgbm,WI_1,2016-04-07,39.82842970067935,38.0
lightgbm,WI_1,2016-04-08,45.17486278841062,44.0
lightgbm,WI_1,2016-04-09,55.638558168300484,71.4478
lightgbm,WI_1,2016-04-10,53.87032829951802,63.0
lightgbm,WI_1,2016-04-11,42.686264109068794,38.0
lightgbm,WI_1,2016-04-12,37.98468621286023,30.0
lightgbm,WI_1,2016-04-13,38.06625066285744,26.0
lightgbm,WI_1,2016-04-14,37.73934990795871,32.0
lightgbm,WI_1,2016-04-15,42.29205346821856,30.0
lightgbm,WI_1,2016-04-16,51.92753337020567,41.4478
lightgbm,WI_1,2016-04-17,49.25022592355513,62.0
lightgbm,WI_1,2016-04-18,39.4804426635009,45.0
lightgbm,WI_1,2016-04-19,38.421991404111424,33.0
lightgbm,WI_1,2016-04-20,36.948694626672385,55.0
lightgbm,WI_1,2016-04-21,41.02842014205645,48.0
lightgbm,WI_1,2016-04-22,47.228201185871725,69.0
lightgbm,WI_1,2016-04-23,61.33324462644342,68.0
lightgbm,WI_1,2016-04-24,58.71314097838309,72.0
lightgbm,WI_2,2016-03-28,43.41350560527034,30.0
lightgbm,WI_2,2016-03-29,41.858603230927194,38.4478
lightgbm,WI_2,2016-03-30,42.5915494394621,35.0
lightgbm,WI_2,2016-03-31,43.34028528402297,61.0
lightgbm,WI_2,2016-04-01,54.82584166145783,42.0
lightgbm,WI_2,2016-04-02,60.54911371572476,58.0
lightgbm,WI_2,2016-04-03,56.250331993706205,66.0
lightgbm,WI_2,2016-04-04,47.41187737064773,50.0
lightgbm,WI_2,2016-04-05,44.09910607201718,42.0
lightgbm,WI_2,2016-04-06,46.521481311420885,70.0
lightgbm,WI_2,2016-04-07,50.01404538132873,57.0
lightgbm,WI_2,2016-04-08,53.67193757199861,49.0
lightgbm,WI_2,2016-04-09,59.17020822265758,55.4478
lightgbm,WI_2,2016-04-10,53.644325334006794,44.8956
lightgbm,WI_2,2016-04-11,44.50146351625496,66.0
lightgbm,WI_2,2016-04-12,50.91303245528832,69.0
lightgbm,WI_2,2016-04-13,50.39646950719135,42.0
lightgbm,WI_2,2016-04-14,50.03021846381795,40.0
lightgbm,WI_2,2016-04-15,52.04677389026509,47.0
lightgbm,WI_2,2016-04-16,59.06274364892589,46.0
lightgbm,WI_2,2016-04-17,54.10252315326474,49.4478
lightgbm,WI_2,2016-04-18,45.08187662905473,43.0
lightgbm,WI_2,2016-04-19,42.98717397717836,41.0
lightgbm,WI_2,2016-04-20,43.99645590798305,41.0
lightgbm,WI_2,2016-04-21,43.07498824954288,53.0
lightgbm,WI_2,2016-04-22,50.331615708010496,64.0
lightgbm,WI_2,2016-04-23,58.90373022857784,55.0
lightgbm,WI_2,2016-04-24,55.86327199555821,54.8956
lstm,CA_1,2016-03-28,75.89044852029042,65.0
lstm,CA_1,2016-03-29,72.40833360197985,49.0
lstm,CA_1,2016-03-30,71.92856048966931,59.0
lstm,CA_1,2016-03-31,72.16138309730044,62.0
lstm,CA_1,2016-04-01,72.49565600499764,82.0
lstm,CA_1,2016-04-02,72.66894325714568,78.0
lstm,CA_1,2016-04-03,72.488118242957,101.0
lstm,CA_1,2016-04-04,72.21291125023627,70.4478
lstm,CA_1,2016-04-05,71.878822059133,50.0
lstm,CA_1,2016-04-06,71.55038843751008,59.0
lstm,CA_1,2016-04-07,71.22246197430722,53.0
lstm,CA_1,2016-04-08,70.94931583886606,61.0
lstm,CA_1,2016-04-09,70.7143823364043,100.0
lstm,CA_1,2016-04-10,70.50452656175733,114.0
lstm,CA_1,2016-04-11,70.29054231079083,70.4478
lstm,CA_1,2016-04-12,70.08183336491692,43.0
lstm,CA_1,2016-04-13,69.93451935486789,49.0
lstm,CA_1,2016-04-14,69.75865842371763,64.0
lstm,CA_1,2016-04-15,69.62388949645225,65.4478
lstm,CA_1,2016-04-16,69.46131529847463,109.0
lstm,CA_1,2016-04-17,69.30580033032548,85.0
lstm,CA_1,2016-04-18,69.07618033835365,56.0
lstm,CA_1,2016-04-19,68.9715435002054,49.0
lstm,CA_1,2016-04-20,68.88051739802712,68.0
lstm,CA_1,2016-04-21,68.81310377812189,55.0
lstm,CA_1,2016-04-22,68.70910504372833,71.0
lstm,CA_1,2016-04-23,68.58459823631604,111.0
lstm,CA_1,2016-04-24,68.4301757510318,134.0
lstm,CA_2,2016-03-28,74.06922540314756,60.0
lstm,CA_2,2016-03-29,71.28958501301243,61.0
lstm,CA_2,2016-03-30,70.8239276774535,57.4478
lstm,CA_2,2016-03-31,70.81240988093575,56.0
lstm,CA_2,2016-04-01,71.06614168157839,85.4478
lstm,CA_2,2016-04-02,71.14882354487372,89.4478
lstm,CA_2,2016-04-03,70.602369399814,128.8956
lstm,CA_2,2016-04-04,70.85128889554466,67.4478
lstm,CA_2,2016-04-05,71.26394192117618,69.0
lstm,CA_2,2016-04-06,71.40980855258817,78.0
lstm,CA_2,2016-04-07,71.57432300591887,73.0
lstm,CA_2,2016-04-08,71.54508885479379,83.0
lstm,CA_2,2016-04-09,71.77372191769574,111.0
lstm,CA_2,2016-04-10,71.68590043113994,105.0
lstm,CA_2,2016-04-11,71.54198501394109,70.0
lstm,CA_2,2016-04-12,71.48319716217159,66.0
lstm,CA_2,2016-04-13,71.5107883787829,58.0
lstm,CA_2,2016-04-14,71.65137764264581,63.0
lstm,CA_2,2016-04-15,71.90696411224829,85.0
lstm,CA_2,2016-04-16,72.10755621928416,93.4478
lstm,CA_2,2016-04-17,72.15208413962924,96.0
lstm,CA_2,2016-04-18,72.39936985510323,54.0
lstm,CA_2,2016-04-19,72.40998788368191,54.0
lstm,CA_2,2016-04-20,72.72229103558408,60.0
lstm,CA_2,2016-04-21,73.01435946475189,45.0
lstm,CA_2,2016-04-22,73.1472040415609,70.0
lstm,CA_2,2016-04-23,73.20725823642782,128.4478
lstm,CA_2,2016-04-24,73.14946268120875,122.0
lstm,CA_3,2016-03-28,108.51199636568936,78.0
lstm,CA_3,2016-03-29,108.22999427408642,71.0
lstm,CA_3,2016-03-30,108.40560775651745,94.0
lstm,CA_3,2016-03-31,108.57690572215606,98.0
lstm,CA_3,2016-04-01,108.71546438093453,147.0
lstm,CA_3,2016-04-02,108.86267364197185,87.0
lstm,CA_3,2016-04-03,108.97229830199964,103.0
lstm,CA_3,2016-04-04,108.98898471301376,95.0
lstm,CA_3,2016-04-05,109.09754292829618,98.0
lstm,CA_3,2016-04-06,109.2024159135005,85.0
lstm,CA_3,2016-04-07,109.36889997379626,102.0
lstm,CA_3,2016-04-08,109.45906452729895,104.0
lstm,CA_3,2016-04-09,109.51587875700802,115.0
lstm,CA_3,2016-04-10,109.56608106964273,115.0
lstm,CA_3,2016-04-11,109.63644213263245,101.0
lstm,CA_3,2016-04-12,109.66135691701811,116.0
lstm,CA_3,2016-04-13,109.72848610365307,70.0
lstm,CA_3,2016-04-14,109.8421528398673,92.0
lstm,CA_3,2016-04-15,109.92647586041399,77.0
lstm,CA_3,2016-04-16,109.95838395403247,112.0
lstm,CA_3,2016-04-17,109.9919969220257,117.0
lstm,CA_3,2016-04-18,110.03964846028498,120.0
lstm,CA_3,2016-04-19,110.13929639463385,71.0
lstm,CA_3,2016-04-20,110.22022357904439,85.0
lstm,CA_3,2016-04-21,110.18233314130912,113.0
lstm,CA_3,2016-04-22,110.26823688807262,96.0
lstm,CA_3,2016-04-23,110.39113866273127,155.0
lstm,CA_3,2016-04-24,110.46445512700714,131.4478
lstm,TX_1,2016-03-28,48.466667314818864,41.4478
lstm,TX_1,2016-03-29,48.5621380007118,27.0
lstm,TX_1,2016-03-30,48.6785977442209,22.0
lstm,TX_1,2016-03-31,48.834286509277725,29.0
lstm,TX_1,2016-04-01,48.97465634117549,55.0
lstm,TX_1,2016-04-02,49.09542065057271,49.8956
lstm,TX_1,2016-04-03,49.24280423365289,54.0
lstm,TX_1,2016-04-04,49.330573721905495,31.0
lstm,TX_1,2016-04-05,49.469360858266654,19.0
lstm,TX_1,2016-04-06,49.572901824449914,48.4478
lstm,TX_1,2016-04-07,49.66907459490989,36.0
lstm,TX_1,2016-04-08,49.75185749760899,41.0
lstm,TX_1,2016-04-09,49.89526118121336,63.0
lstm,TX_1,2016-04-10,49.953390593071,40.0
lstm,TX_1,2016-04-11,49.94363067887652,39.0
lstm,TX_1,2016-04-12,50.10816791391406,32.0
lstm,TX_1,2016-04-13,50.18866137703603,37.0
lstm,TX_1,2016-04-14,50.242899746818,33.0
lstm,TX_1,2016-04-15,50.31959907712577,35.0
lstm,TX_1,2016-04-16,50.40290929978323,38.0
lstm,TX_1,2016-04-17,50.52028969913624,63.0
lstm,TX_1,2016-04-18,50.60525477648388,47.0
lstm,TX_1,2016-04-19,50.70523717534444,32.0
lstm,TX_1,2016-04-20,50.8033027420407,69.0
lstm,TX_1,2016-04-21,50.77849788498901,52.0
lstm,TX_1,2016-04-22,50.92173955227659,63.0
lstm,TX_1,2016-04-23,50.971764788686414,67.0
lstm,TX_1,2016-04-24,51.105911524359826,62.4478
lstm,TX_2,2016-03-28,60.8929452219233,45.0
lstm,TX_2,2016-03-29,60.858722743843956,34.0
lstm,TX_2,2016-03-30,60.97566810287138,41.0
lstm,TX_2,2016-03-31,61.10731512792337,56.0
lstm,TX_2,2016-04-01,61.27052165038789,61.0
lstm,TX_2,2016-04-02,61.410656831326264,50.0
lstm,TX_2,2016-04-03,61.53941977287601,58.0
lstm,TX_2,2016-04-04,61.67535057310337,22.0
lstm,TX_2,2016-04-05,61.884008150123826,33.0
lstm,TX_2,2016-04-06,62.047696428536355,52.0
lstm,TX_2,2016-04-07,62.16502798666999,56.0
lstm,TX_2,2016-04-08,62.29563304215618,50.0
lstm,TX_2,2016-04-09,62.470848151268285,62.0
lstm,TX_2,2016-04-10,62.64684496696354,84.0
lstm,TX_2,2016-04-11,62.807336982751245,55.0
lstm,TX_2,2016-04-12,62.99450449878363,73.0
lstm,TX_2,2016-04-13,63.19316680003469,54.4478
lstm,TX_2,2016-04-14,63.4050171021854,56.0
lstm,TX_2,2016-04-15,63.604634705688994,57.0
lstm,TX_2,2016-04-16,63.74687363642227,67.0
lstm,TX_2,2016-04-17,63.93033011806118,66.0
lstm,TX_2,2016-04-18,64.0562089323661,47.0
lstm,TX_2,2016-04-19,64.20080195898444,67.0
lstm,TX_2,2016-04-20,64.41067122208898,43.0
lstm,TX_2,2016-04-21,64.59528714752201,56.0
lstm,TX_2,2016-04-22,64.79822350487026,69.4478
lstm,TX_2,2016-04-23,64.95105523371446,89.0
lstm,TX_2,2016-04-24,65.13747123146113,61.0
lstm,WI_1,2016-03-28,58.39391748391017,31.0
lstm,WI_1,2016-03-29,58.05625425690243,40.0
lstm,WI_1,2016-03-30,58.019314360340275,38.0
lstm,WI_1,2016-03-31,58.04999383782493,42.0
lstm,WI_1,2016-04-01,58.07984536404607,53.0
lstm,WI_1,2016-04-02,58.128393862526174,67.0
lstm,WI_1,2016-04-03,58.15779100006191,68.0
lstm,WI_1,2016-04-04,58.153345363119115,33.0
lstm,WI_1,2016-04-05,58.22879333201725,39.0
lstm,WI_1,2016-04-06,58.253073283460886,44.0
lstm,WI_1,2016-04-07,58.29614055378911,38.0
lstm,WI_1,2016-04-08,58.33227356447611,44.0
lstm,WI_1,2016-04-09,58.34256772835303,71.4478
lstm,WI_1,2016-04-10,58.29281881579719,63.0
lstm,WI_1,2016-04-11,58.28540568010768,38.0
lstm,WI_1,2016-04-12,58.35399544510845,30.0
lstm,WI_1,2016-04-13,58.40014836864387,26.0
lstm,WI_1,2016-04-14,58.437552688912525,32.0
lstm,WI_1,2016-04-15,58.38257335771576,30.0
lstm,WI_1,2016-04-16,58.46975658629286,41.4478
lstm,WI_1,2016-04-17,58.49240708848999,62.0
lstm,WI_1,2016-04-18,58.62682376879744,45.0
lstm,WI_1,2016-04-19,58.74129956598455,33.0
lstm,WI_1,2016-04-20,58.82033634027817,55.0
lstm,WI_1,2016-04-21,58.9206899577034,48.0
lstm,WI_1,2016-04-22,58.94779690393528,69.0
lstm,WI_1,2016-04-23,58.95023104849048,68.0
lstm,WI_1,2016-04-24,58.94875287671646,72.0
lstm,WI_2,2016-03-28,58.48399353620156,30.0
lstm,WI_2,2016-03-29,58.958631637991914,38.4478
lstm,WI_2,2016-03-30,59.35163735812483,35.0
lstm,WI_2,2016-03-31,59.7535994797221,61.0
lstm,WI_2,2016-04-01,60.172706770108356,42.0
lstm,WI_2,2016-04-02,60.55526779277123,58.0
lstm,WI_2,2016-04-03,60.93170705974723,66.0
lstm,WI_2,2016-04-04,61.30205960866829,50.0
lstm,WI_2,2016-04-05,61.657146756857124,42.0
lstm,WI_2,2016-04-06,61.96726308139675,70.0
lstm,WI_2,2016-04-07,62.25877145460231,57.0
lstm,WI_2,2016-04-08,62.53870323092028,49.0
lstm,WI_2,2016-04-09,62.79977095950976,55.4478
lstm,WI_2,2016-04-10,63.01814905552337,44.8956
lstm,WI_2,2016-04-11,63.26319373842256,66.0
lstm,WI_2,2016-04-12,63.4441207798461,69.0
lstm,WI_2,2016-04-13,63.598580265869785,42.0
lstm,WI_2,2016-04-14,63.78346375868648,40.0
lstm,WI_2,2016-04-15,63.93264022754531,47.0
lstm,WI_2,2016-04-16,64.07044207664778,46.0
lstm,WI_2,2016-04-17,64.1869453817745,49.4478
lstm,WI_2,2016-04-18,64.26737197763207,43.0
lstm,WI_2,2016-04-19,64.3718972448167,41.0
lstm,WI_2,2016-04-20,64.46021402257858,41.0
lstm,WI_2,2016-04-21,64.53177608695722,53.0
lstm,WI_2,2016-04-22,64.59670876595361,64.0
lstm,WI_2,2016-04-23,64.64364497868713,55.0
lstm,WI_2,2016-04-24,64.6821084651286,54.8956
seasonal_naive,CA_1,2016-03-28,65.0,65.0
seasonal_naive,CA_1,2016-03-29,57.0,49.0
seasonal_naive,CA_1,2016-03-30,48.0,59.0
seasonal_naive,CA_1,2016-03-31,60.0,62.0
seasonal_naive,CA_1,2016-04-01,71.0,82.0
seasonal_naive,CA_1,2016-04-02,90.4478,78.0
seasonal_naive,CA_1,2016-04-03,121.0,101.0
seasonal_naive,CA_1,2016-04-04,65.0,70.4478
seasonal_naive,CA_1,2016-04-05,57.0,50.0
seasonal_naive,CA_1,2016-04-06,48.0,59.0
seasonal_naive,CA_1,2016-04-07,60.0,53.0
seasonal_naive,CA_1,2016-04-08,71.0,61.0
seasonal_naive,CA_1,2016-04-09,90.4478,100.0
seasonal_naive,CA_1,2016-04-10,121.0,114.0
seasonal_naive,CA_1,2016-04-11,65.0,70.4478
seasonal_naive,CA_1,2016-04-12,57.0,43.0
seasonal_naive,CA_1,2016-04-13,48.0,49.0
seasonal_naive,CA_1,2016-04-14,60.0,64.0
seasonal_naive,CA_1,2016-04-15,71.0,65.4478
seasonal_naive,CA_1,2016-04-16,90.4478,109.0
seasonal_naive,CA_1,2016-04-17,121.0,85.0
seasonal_naive,CA_1,2016-04-18,65.0,56.0
seasonal_naive,CA_1,2016-04-19,57.0,49.0
seasonal_naive,CA_1,2016-04-20,48.0,68.0
seasonal_naive,CA_1,2016-04-21,60.0,55.0
seasonal_naive,CA_1,2016-04-22,71.0,71.0
seasonal_naive,CA_1,2016-04-23,90.4478,111.0
seasonal_naive,CA_1,2016-04-24,121.0,134.0
seasonal_naive,CA_2,2016-03-28,67.0,60.0
seasonal_naive,CA_2,2016-03-29,36.0,61.0
seasonal_naive,CA_2,2016-03-30,31.0,57.4478
seasonal_naive,CA_2,2016-03-31,62.0,56.0
seasonal_naive,CA_2,2016-04-01,64.0,85.4478
seasonal_naive,CA_2,2016-04-02,93.3434,89.4478
seasonal_naive,CA_2,2016-04-03,92.0,128.8956
seasonal_naive,CA_2,2016-04-04,67.0,67.4478
seasonal_naive,CA_2,2016-04-05,36.0,69.0
seasonal_naive,CA_2,2016-04-06,31.0,78.0
seasonal_naive,CA_2,2016-04-07,62.0,73.0
seasonal_naive,CA_2,2016-04-08,64.0,83.0
seasonal_naive,CA_2,2016-04-09,93.3434,111.0
seasonal_naive,CA_2,2016-04-10,92.0,105.0
seasonal_naive,CA_2,2016-04-11,67.0,70.0
seasonal_naive,CA_2,2016-04-12,36.0,66.0
seasonal_naive,CA_2,2016-04-13,31.0,58.0
seasonal_naive,CA_2,2016-04-14,62.0,63.0
seasonal_naive,CA_2,2016-04-15,64.0,85.0
seasonal_naive,CA_2,2016-04-16,93.3434,93.4478
seasonal_naive,CA_2,2016-04-17,92.0,96.0
seasonal_naive,CA_2,2016-04-18,67.0,54.0
seasonal_naive,CA_2,2016-04-19,36.0,54.0
seasonal_naive,CA_2,2016-04-20,31.0,60.0
seasonal_naive,CA_2,2016-04-21,62.0,45.0
seasonal_naive,CA_2,2016-04-22,64.0,70.0
seasonal_naive,CA_2,2016-04-23,93.3434,128.4478
seasonal_naive,CA_2,2016-04-24,92.0,122.0
seasonal_naive,CA_3,2016-03-28,108.0,78.0
seasonal_naive,CA_3,2016-03-29,84.0,71.0
seasonal_naive,CA_3,2016-03-30,115.0,94.0
seasonal_naive,CA_3,2016-03-31,99.0,98.0
seasonal_naive,CA_3,2016-04-01,95.0,147.0
seasonal_naive,CA_3,2016-04-02,109.0,87.0
seasonal_naive,CA_3,2016-04-03,129.0,103.0
seasonal_naive,CA_3,2016-04-04,108.0,95.0
seasonal_naive,CA_3,2016-04-05,84.0,98.0
seasonal_naive,CA_3,2016-04-06,115.0,85.0
seasonal_naive,CA_3,2016-04-07,99.0,102.0
seasonal_naive,CA_3,2016-04-08,95.0,104.0
seasonal_naive,CA_3,2016-04-09,109.0,115.0
seasonal_naive,CA_3,2016-04-10,129.0,115.0
seasonal_naive,CA_3,2016-04-11,108.0,101.0
seasonal_naive,CA_3,2016-04-12,84.0,116.0
seasonal_naive,CA_3,2016-04-13,115.0,70.0
seasonal_naive,CA_3,2016-04-14,99.0,92.0
seasonal_naive,CA_3,2016-04-15,95.0,77.0
seasonal_naive,CA_3,2016-04-16,109.0,112.0
seasonal_naive,CA_3,2016-04-17,129.0,117.0
seasonal_naive,CA_3,2016-04-18,108.0,120.0
seasonal_naive,CA_3,2016-04-19,84.0,71.0
seasonal_naive,CA_3,2016-04-20,115.0,85.0
seasonal_naive,CA_3,2016-04-21,99.0,113.0
seasonal_naive,CA_3,2016-04-22,95.0,96.0
seasonal_naive,CA_3,2016-04-23,109.0,155.0
seasonal_naive,CA_3,2016-04-24,129.0,131.4478
seasonal_naive,TX_1,2016-03-28,49.4478,41.4478
seasonal_naive,TX_1,2016-03-29,52.0,27.0
seasonal_naive,TX_1,2016-03-30,69.0,22.0
seasonal_naive,TX_1,2016-03-31,55.0,29.0
seasonal_naive,TX_1,2016-04-01,46.0,55.0
seasonal_naive,TX_1,2016-04-02,34.0,49.8956
seasonal_naive,TX_1,2016-04-03,43.0,54.0
seasonal_naive,TX_1,2016-04-04,49.4478,31.0
seasonal_naive,TX_1,2016-04-05,52.0,19.0
seasonal_naive,TX_1,2016-04-06,69.0,48.4478
seasonal_naive,TX_1,2016-04-07,55.0,36.0
seasonal_naive,TX_1,2016-04-08,46.0,41.0
seasonal_naive,TX_1,2016-04-09,34.0,63.0
seasonal_naive,TX_1,2016-04-10,43.0,40.0
seasonal_naive,TX_1,2016-04-11,49.4478,39.0
seasonal_naive,TX_1,2016-04-12,52.0,32.0
seasonal_naive,TX_1,2016-04-13,69.0,37.0
seasonal_naive,TX_1,2016-04-14,55.0,33.0
seasonal_naive,TX_1,2016-04-15,46.0,35.0
seasonal_naive,TX_1,2016-04-16,34.0,38.0
seasonal_naive,TX_1,2016-04-17,43.0,63.0
seasonal_naive,TX_1,2016-04-18,49.4478,47.0
seasonal_naive,TX_1,2016-04-19,52.0,32.0
seasonal_naive,TX_1,2016-04-20,69.0,69.0
seasonal_naive,TX_1,2016-04-21,55.0,52.0
seasonal_naive,TX_1,2016-04-22,46.0,63.0
seasonal_naive,TX_1,2016-04-23,34.0,67.0
seasonal_naive,TX_1,2016-04-24,43.0,62.4478
seasonal_naive,TX_2,2016-03-28,70.0,45.0
seasonal_naive,TX_2,2016-03-29,53.0,34.0
seasonal_naive,TX_2,2016-03-30,50.0,41.0
seasonal_naive,TX_2,2016-03-31,48.0,56.0
seasonal_naive,TX_2,2016-04-01,61.4478,61.0
seasonal_naive,TX_2,2016-04-02,48.0,50.0
seasonal_naive,TX_2,2016-04-03,74.0,58.0
seasonal_naive,TX_2,2016-04-04,70.0,22.0
seasonal_naive,TX_2,2016-04-05,53.0,33.0
seasonal_naive,TX_2,2016-04-06,50.0,52.0
seasonal_naive,TX_2,2016-04-07,48.0,56.0
seasonal_naive,TX_2,2016-04-08,61.4478,50.0
seasonal_naive,TX_2,2016-04-09,48.0,62.0
seasonal_naive,TX_2,2016-04-10,74.0,84.0
seasonal_naive,TX_2,2016-04-11,70.0,55.0
seasonal_naive,TX_2,2016-04-12,53.0,73.0
seasonal_naive,TX_2,2016-04-13,50.0,54.4478
seasonal_naive,TX_2,2016-04-14,48.0,56.0
seasonal_naive,TX_2,2016-04-15,61.4478,57.0
seasonal_naive,TX_2,2016-04-16,48.0,67.0
seasonal_naive,TX_2,2016-04-17,74.0,66.0
seasonal_naive,TX_2,2016-04-18,70.0,47.0
seasonal_naive,TX_2,2016-04-19,53.0,67.0
seasonal_naive,TX_2,2016-04-20,50.0,43.0
seasonal_naive,TX_2,2016-04-21,48.0,56.0
seasonal_naive,TX_2,2016-04-22,61.4478,69.4478
seasonal_naive,TX_2,2016-04-23,48.0,89.0
seasonal_naive,TX_2,2016-04-24,74.0,61.0
seasonal_naive,WI_1,2016-03-28,34.0,31.0
seasonal_naive,WI_1,2016-03-29,39.0,40.0
seasonal_naive,WI_1,2016-03-30,27.0,38.0
seasonal_naive,WI_1,2016-03-31,57.0,42.0
seasonal_naive,WI_1,2016-04-01,53.4478,53.0
seasonal_naive,WI_1,2016-04-02,74.4478,67.0
seasonal_naive,WI_1,2016-04-03,79.0,68.0
seasonal_naive,WI_1,2016-04-04,34.0,33.0
seasonal_naive,WI_1,2016-04-05,39.0,39.0
seasonal_naive,WI_1,2016-04-06,27.0,44.0
seasonal_naive,WI_1,2016-04-07,57.0,38.0
seasonal_naive,WI_1,2016-04-08,53.4478,44.0
seasonal_naive,WI_1,2016-04-09,74.4478,71.4478
seasonal_naive,WI_1,2016-04-10,79.0,63.0
seasonal_naive,WI_1,2016-04-11,34.0,38.0
seasonal_naive,WI_1,2016-04-12,39.0,30.0
seasonal_naive,WI_1,2016-04-13,27.0,26.0
seasonal_naive,WI_1,2016-04-14,57.0,32.0
seasonal_naive,WI_1,2016-04-15,53.4478,30.0
seasonal_naive,WI_1,2016-04-16,74.4478,41.4478
seasonal_naive,WI_1,2016-04-17,79.0,62.0
seasonal_naive,WI_1,2016-04-18,34.0,45.0
seasonal_naive,WI_1,2016-04-19,39.0,33.0
seasonal_naive,WI_1,2016-04-20,27.0,55.0
seasonal_naive,WI_1,2016-04-21,57.0,48.0
seasonal_naive,WI_1,2016-04-22,53.4478,69.0
seasonal_naive,WI_1,2016-04-23,74.4478,68.0
seasonal_naive,WI_1,2016-04-24,79.0,72.0
seasonal_naive,WI_2,2016-03-28,70.0,30.0
seasonal_naive,WI_2,2016-03-29,53.0,38.4478
seasonal_naive,WI_2,2016-03-30,65.0,35.0
seasonal_naive,WI_2,2016-03-31,43.4478,61.0
seasonal_naive,WI_2,2016-04-01,56.0,42.0
seasonal_naive,WI_2,2016-04-02,76.4478,58.0
seasonal_naive,WI_2,2016-04-03,56.0,66.0
seasonal_naive,WI_2,2016-04-04,70.0,50.0
seasonal_naive,WI_2,2016-04-05,53.0,42.0
seasonal_naive,WI_2,2016-04-06,65.0,70.0
seasonal_naive,WI_2,2016-04-07,43.4478,57.0
seasonal_naive,WI_2,2016-04-08,56.0,49.0
seasonal_naive,WI_2,2016-04-09,76.4478,55.4478
seasonal_naive,WI_2,2016-04-10,56.0,44.8956
seasonal_naive,WI_2,2016-04-11,70.0,66.0
seasonal_naive,WI_2,2016-04-12,53.0,69.0
seasonal_naive,WI_2,2016-04-13,65.0,42.0
seasonal_naive,WI_2,2016-04-14,43.4478,40.0
seasonal_naive,WI_2,2016-04-15,56.0,47.0
seasonal_naive,WI_2,2016-04-16,76.4478,46.0
seasonal_naive,WI_2,2016-04-17,56.0,49.4478
seasonal_naive,WI_2,2016-04-18,70.0,43.0
seasonal_naive,WI_2,2016-04-19,53.0,41.0
seasonal_naive,WI_2,2016-04-20,65.0,41.0
seasonal_naive,WI_2,2016-04-21,43.4478,53.0
seasonal_naive,WI_2,2016-04-22,56.0,64.0
seasonal_naive,WI_2,2016-04-23,76.4478,55.0
seasonal_naive,WI_2,2016-04-24,56.0,54.8956
