week,units,event_days,snap_days,is_event_week
2011-01-24,706,0,0,False
2011-01-31,2146,420,2040,True
2011-02-07,2247,0,1800,False
2011-02-14,2146,420,360,True
2011-02-21,1956,420,0,True
2011-02-28,2088,0,2040,False
2011-03-07,1937,420,1800,True
2011-03-14,1917,1260,360,True
2011-03-21,1842,0,0,False
2011-03-28,1879,0,1020,False
2011-04-04,1851,0,2220,False
2011-04-11,1680,0,960,False
2011-04-18,1816,420,0,True
2011-04-25,1563,420,300,True
2011-05-02,1870,840,2340,True
2011-05-09,1759,0,1560,False
2011-05-16,1824,0,0,False
2011-05-23,1650,0,0,False
2011-05-30,1867,840,1620,True
2011-06-06,1759,420,2100,True
2011-06-13,1785,420,480,True
2011-06-20,1672,0,0,False
2011-06-27,1800,0,1020,False
2011-07-04,1918,420,2220,True
2011-07-11,1981,0,960,False
2011-07-18,2107,0,0,False
2011-07-25,1956,0,0,False
2011-08-01,2093,420,2340,True
2011-08-08,2000,0,1620,False
2011-08-15,1980,0,240,False
2011-08-22,1953,0,0,False
2011-08-29,1805,420,1200,True
2011-09-05,2020,420,2280,True
2011-09-12,1864,0,720,False
2011-09-19,1825,0,0,False
2011-09-26,1942,0,600,False
2011-10-03,2113,0,2460,False
2011-10-10,2108,420,1140,True
2011-10-17,2006,0,0,False
2011-10-24,1985,0,0,False
2011-10-31,1975,420,2040,True
2011-11-07,1950,840,1800,True
2011-11-14,2031,0,360,False
2011-11-21,1969,420,0,True
2011-11-28,2234,0,1200,False
2011-12-05,2284,0,2280,False
2011-12-12,2487,0,720,False
2011-12-19,2022,420,0,True
2011-12-26,2065,840,300,True
2012-01-02,2080,420,2340,True
2012-01-09,1987,0,1560,False
2012-01-16,2062,420,0,True
2012-01-23,1785,0,0,False
2012-01-30,1975,420,1620,True
2012-02-06,2103,0,2100,False
2012-02-13,2152,420,480,True
2012-02-20,2317,840,0,True
2012-02-27,2284,420,1200,True
2012-03-05,2534,420,2280,True
2012-03-12,2261,420,720,True
2012-03-19,2315,0,0,False
2012-03-26,1985,0,300,False
2012-04-02,2088,420,2340,True
2012-04-09,2186,840,1560,True
2012-04-16,2047,0,0,False
2012-04-23,2190,0,0,False
2012-04-30,2214,420,2040,True
2012-05-07,2347,420,1800,True
2012-05-14,2137,0,360,False
2012-05-21,2262,0,0,False
2012-05-28,2212,420,1020,True
2012-06-04,2297,0,2220,False
2012-06-11,2254,840,960,True
2012-06-18,2753,420,0,True
2012-06-25,2154,0,300,False
2012-07-02,2452,420,2340,True
2012-07-09,2377,0,1560,False
2012-07-16,2176,420,0,True
2012-07-23,1972,0,0,False
2012-07-30,2100,0,1620,False
2012-08-06,2516,0,2100,False
2012-08-13,2865,420,480,True
2012-08-20,2440,0,0,False
2012-08-27,2648,0,600,False
2012-09-03,2730,420,2460,True
2012-09-10,2515,0,1140,False
2012-09-17,2341,0,0,False
2012-09-24,2259,0,0,False
2012-10-01,2231,0,2340,False
2012-10-08,1994,420,1620,True
2012-10-15,1819,0,240,False
2012-10-22,1808,420,0,True
2012-10-29,2086,420,1200,True
2012-11-05,2064,420,2280,True
2012-11-12,2095,0,720,False
2012-11-19,1758,420,0,True
2012-11-26,1698,0,600,False
2012-12-03,2137,0,2460,False
2012-12-10,1987,420,1140,True
2012-12-17,2275,0,0,False
2012-12-24,1926,420,0,True
2012-12-31,2444,420,2040,True
2013-01-07,2588,420,1800,True
2013-01-14,2435,0,360,False
2013-01-21,2447,420,0,True
2013-01-28,2452,420,1020,True
2013-02-04,2542,0,2220,False
2013-02-11,2624,840,960,True
2013-02-18,2871,1260,0,True
2013-02-25,2994,0,1020,False
2013-03-04,2564,0,2220,False
2013-03-11,2760,420,960,True
2013-03-18,2625,0,0,False
2013-03-25,2713,420,0,True
2013-04-01,2993,420,2340,True
2013-04-08,3078,0,1620,False
2013-04-15,2752,0,240,False
2013-04-22,2803,0,0,False
2013-04-29,3160,420,1620,True
2013-05-06,2854,420,2100,True
2013-05-13,2991,0,480,False
2013-05-20,3000,0,0,False
2013-05-27,2923,420,600,True
2013-06-03,2963,420,2460,True
2013-06-10,3228,420,1140,True
2013-06-17,2931,420,0,True
2013-06-24,3229,0,0,False
2013-07-01,4227,420,2340,True
2013-07-08,3577,420,1620,True
2013-07-15,3298,0,240,False
2013-07-22,3142,0,0,False
2013-07-29,3577,0,1200,False
2013-08-05,3349,420,2280,True
2013-08-12,3044,0,720,False
2013-08-19,3221,0,0,False
2013-08-26,3240,0,300,False
2013-09-02,3199,420,2340,True
2013-09-09,3146,0,1560,False
2013-09-16,2888,0,0,False
2013-09-23,3015,0,0,False
2013-09-30,3209,0,2040,False
2013-10-07,3372,0,1800,False
2013-10-14,2892,840,360,True
2013-10-21,2925,0,0,False
2013-10-28,3038,420,1020,True
2013-11-04,2965,0,2220,False
2013-11-11,3103,420,960,True
2013-11-18,3151,0,0,False
2013-11-25,2585,420,300,True
2013-12-02,2922,420,2340,True
2013-12-09,3048,0,1560,False
2013-12-16,2994,0,0,False
2013-12-23,2339,420,0,True
2013-12-30,2740,420,1620,True
2014-01-06,2671,420,2100,True
2014-01-13,2889,0,480,False
2014-01-20,2669,420,0,True
2014-01-27,2849,420,600,True
2014-02-03,3149,0,2460,False
2014-02-10,3348,420,1140,True
2014-02-17,3026,420,0,True
2014-02-24,3043,0,600,False
2014-03-03,3342,420,2460,True
2014-03-10,3711,840,1140,True
2014-03-17,2994,420,0,True
2014-03-24,2903,0,0,False
2014-03-31,3355,0,2040,False
2014-04-07,3252,0,1800,False
2014-04-14,3132,420,360,True
2014-04-21,3206,420,0,True
2014-04-28,3217,0,1200,False
2014-05-05,3117,840,2280,True
2014-05-12,3353,0,720,False
2014-05-19,3164,0,0,False
2014-05-26,3206,420,300,True
2014-06-02,3442,420,2340,True
2014-06-09,3288,420,1560,True
2014-06-16,3084,0,0,False
2014-06-23,2972,420,0,True
2014-06-30,3479,420,2040,True
2014-07-07,3332,0,1800,False
2014-07-14,3222,0,360,False
2014-07-21,3274,0,0,False
2014-07-28,3426,420,1020,True
2014-08-04,3595,0,2220,False
2014-08-11,3315,0,960,False
2014-08-18,3440,0,0,False
2014-08-25,3052,0,0,False
2014-09-01,3391,420,2340,True
2014-09-08,3624,0,1620,False
2014-09-15,2796,0,240,False
2014-09-22,2838,0,0,False
2014-09-29,3216,420,1620,True
2014-10-06,3314,0,2100,False
2014-10-13,3583,420,480,True
2014-10-20,3617,0,0,False
2014-10-27,3649,420,600,True
2014-11-03,3598,0,2460,False
2014-11-10,3334,420,1140,True
2014-11-17,3525,0,0,False
2014-11-24,3478,420,0,True
2014-12-01,4439,0,2340,False
2014-12-08,3824,0,1620,False
2014-12-15,3914,0,240,False
2014-12-22,3243,840,0,True
2014-12-29,3515,420,1200,True
2015-01-05,3444,420,2280,True
2015-01-12,3481,0,720,False
2015-01-19,3315,420,0,True
2015-01-26,4063,420,300,True
2015-02-02,4096,0,2340,False
2015-02-09,4133,420,1560,True
2015-02-16,3908,840,0,True
2015-02-23,3722,420,300,True
2015-03-02,3810,420,2340,True
2015-03-09,3719,0,1560,False
2015-03-16,3425,420,0,True
2015-03-23,3463,0,0,False
2015-03-30,3810,420,1620,True
2015-04-06,3630,840,2100,True
2015-04-13,3110,0,480,False
2015-04-20,2954,0,0,False
2015-04-27,2929,0,1020,False
2015-05-04,2811,840,2220,True
2015-05-11,3421,0,960,False
2015-05-18,3324,0,0,False
2015-05-25,3541,420,0,True
2015-06-01,3972,420,2340,True
2015-06-08,3745,0,1620,False
2015-06-15,3587,1260,240,True
2015-06-22,3658,0,0,False
2015-06-29,3851,420,1620,True
2015-07-06,3410,0,2100,False
2015-07-13,3219,420,480,True
2015-07-20,3288,0,0,False
2015-07-27,3423,0,600,False
2015-08-03,4460,0,2460,False
2015-08-10,4000,0,1140,False
2015-08-17,3774,0,0,False
2015-08-24,3959,0,0,False
2015-08-31,3943,0,2040,False
2015-09-07,4165,420,1800,True
2015-09-14,3561,0,360,False
2015-09-21,3108,420,0,True
2015-09-28,3334,0,1200,False
2015-10-05,3449,0,2280,False
2015-10-12,3926,420,720,True
2015-10-19,4093,0,0,False
2015-10-26,4534,420,300,True
2015-11-02,4210,0,2340,False
2015-11-09,3888,420,1560,True
2015-11-16,3601,0,0,False
2015-11-23,3146,420,0,True
2015-11-30,3966,0,2040,False
2015-12-07,3983,0,1800,False
2015-12-14,4291,420,360,True
2015-12-21,3263,420,0,True
2015-12-28,3653,420,1020,True
2016-01-04,3774,420,2220,True
2016-01-11,3596,0,960,False
2016-01-18,3332,420,0,True
2016-01-25,3289,0,0,False
2016-02-01,3523,420,2340,True
2016-02-08,3623,840,1620,True
2016-02-15,3603,840,240,True
2016-02-22,3323,0,0,False
2016-02-29,3496,0,2040,False
2016-03-07,3336,0,1800,False
2016-03-14,3015,420,360,True
2016-03-21,3055,840,0,True
2016-03-28,3114,0,1020,False
2016-04-04,3307,0,2220,False
2016-04-11,3187,0,960,False
2016-04-18,3541,0,0,False
